id,city
1,East Dorianstad
2,Olenport
3,Torphyton
4,South Will
5,Mireillehaven
6,East Eric
7,Walkerfort
8,Lebsackland
9,East Avisborough
10,New Jazmyne
11,Armanichester
12,Wiegandmouth
13,Stromanland
14,Hyattchester
15,New Rachel
16,New Brigitteland
17,Greenholtshire
18,Shanahanside
19,Ortizborough
20,Lake Felixstad
21,Dangelochester
22,East Filibertoville
23,Wuckertfurt
24,New Delilah
25,North Richardville
26,South Emilia
27,New Scarlettshire
28,South Xzavier
29,Ubaldoton
30,Hartmannbury
31,West Russ
32,Miraclechester
33,Port Warren
34,Binsburgh
35,Kaneview
36,Olgashire
37,New Vanceville
38,Port Marcmouth
39,New Loma
40,West Zoilahaven
41,Port Bryce
42,Hattieberg
43,New Lavon
44,Jannietown
45,Lake Leonel
46,Creminmouth
47,East Marina
48,North Casandra
49,Dustyberg
50,Port Bradfordchester
51,South Paoloshire
52,Donnaville
53,Moorebury
54,East Wileymouth
55,North Moriahstad
56,Johanchester
57,West Judyview
58,Betsymouth
59,Lake Clemmie
60,Raphaelleport
61,South Augustus
62,Sanfordburgh
63,Frankieside
64,East Estrella
65,Boyleberg
66,Lake Barbaraville
67,East Pearliechester
68,East Maddisonside
69,Vandervortmouth
70,Bradtkeview
71,Roweview
72,Lake Lamontton
73,Port Lacybury
74,West Madeline
75,South Susannashire
76,Lake Gillianborough
77,Port Austin
78,South Stoneland
79,Prudencetown
80,South Vergie
81,East Erniebury
82,Berylport
83,Mayertport
84,Jastfurt
85,Breanaton
86,Port Emery
87,New Amelie
88,New Jon
89,South Jaedenbury
90,Paucektown
91,Lake Donna
92,Earnestchester
93,East Edd
94,North Jasonstad
95,Weberton
96,West Orlando
97,New Lorafurt
98,Curtview
99,Port Rudy
100,Kautzerfort
101,Leoraborough
102,Kubhaven
103,Lake Griffin
104,South Emanuelfurt
105,South Jaleelton
106,South Maria
107,Andersonberg
108,Port Bertaside
109,Gislasonfurt
110,Harveyport
111,New Deborah
112,Bernhardfurt
113,Stanberg
114,Gideonchester
115,Quigleyfurt
116,Heidenreichbury
117,Anyatown
118,Port Mose
119,Rustystad
120,Lake Cassandra
121,Farrellmouth
122,North Shemar
123,Antoniettamouth
124,Millerfort
125,Port Sophiemouth
126,Hagenesville
127,Dorrisstad
128,East Rosalynburgh
129,Foresthaven
130,Croninton
131,Strosinville
132,Connellyview
133,East Dudleytown
134,South Erwin
135,Stehrmouth
136,Collierville
137,New Quincyview
138,East Kamryn
139,Port Shaniaton
140,Mathiastown
141,Port Cobyborough
142,Port Kadenberg
143,Mannstad
144,West Madalyntown
145,East Samantachester
146,North Lane
147,Geovannyshire
148,Kaelafurt
149,New Wilmaville
150,Durganhaven
151,Parkerside
152,Zboncaktown
153,Alisabury
154,Pagacberg
155,Edwardborough
156,Alizebury
157,Waelchiburgh
158,West Javonville
159,North Priscilla
160,East Angela
161,Nestorborough
162,Farrellmouth
163,Thielton
164,East Santaside
165,North Orrin
166,North Aramouth
167,West Cordieside
168,Tillmanfort
169,Haagfurt
170,North Alekview
171,Lake Hubertport
172,Devonhaven
173,Danialport
174,Camillefurt
175,Port Paula
176,West Myrtie
177,New Giannistad
178,East Joannyton
179,Tomastown
180,New Beaulah
181,West Woodrowton
182,Ziemannberg
183,Damionport
184,North Therese
185,Andreanneland
186,Braunchester
187,Devontemouth
188,West Myrlmouth
189,Port Santamouth
190,Kuhicmouth
191,North Generalton
192,Demondhaven
193,Port Carlotta
194,Murazikshire
195,South Brendanland
196,Port Jalonhaven
197,Valentinemouth
198,Rippinland
199,Goldentown
200,East Laila
201,Corwinhaven
202,East Andychester
203,Schillershire
204,North Lowell
205,Port Helene
206,South Paxtonton
207,East Lamar
208,Joaquinland
209,Armstrongfort
210,Haleychester
211,Karsonland
212,Carmeloton
213,Laronburgh
214,North Libbymouth
215,Donnellyland
216,Leuschkeland
217,South Austin
218,Hyattland
219,Port Modestaland
220,East Brenden
221,Schadenshire
222,South Jimmie
223,West Dayneberg
224,East Brandt
225,Laynefurt
226,New Ofelia
227,Port Clifford
228,New Maribel
229,West Selmerton
230,South Rashad
231,Port Nakia
232,Port Vena
233,Adellland
234,East Auroreview
235,Wizafort
236,Clinthaven
237,Beckerbury
238,North Chanelville
239,North General
240,Gaylordstad
241,East Mireilletown
242,North Cornell
243,South Janyland
244,East Cristina
245,McClureborough
246,South Enosport
247,Nellietown
248,Abshirefort
249,Nikolaustown
250,New Amelia
251,Lake Pedroland
252,East Venaton
253,Amparostad
254,Seamusside
255,North Magnus
256,Dinoshire
257,South Lucas
258,New Justiceside
259,New Hectorborough
260,Lake Fabiolaborough
261,Nyahmouth
262,Roweville
263,Schummfurt
264,East Alejandraview
265,Albertashire
266,Huelborough
267,Port Cleora
268,Candaceville
269,Port Lawson
270,North Ansel
271,Luettgenbury
272,Arjunhaven
273,Annamarieport
274,North Esperanza
275,Rebafurt
276,Lake Mariam
277,Rosemarymouth
278,Port Anjali
279,West Elveraview
280,Verniceside
281,Port Loren
282,East Tristinland
283,West Matilda
284,New Haskell
285,New Duane
286,Jerroldhaven
287,South Daryltown
288,Schmelermouth
289,Rosemariehaven
290,North Rowena
291,Lake Dexter
292,Harveychester
293,Franeckiborough
294,Fernandoview
295,Considinemouth
296,Zboncakchester
297,Uptonstad
298,Luciehaven
299,Murraystad
300,Claudeview
301,Bauchland
302,New Josue
303,Kierahaven
304,North Estell
305,Lake Amos
306,Michaletown
307,Roobfurt
308,New Grover
309,North Jonatanport
310,Alfordville
311,East Jailyntown
312,Presleymouth
313,Rempelview
314,New Kiel
315,Fabiolaport
316,Kayborough
317,South Jacynthe
318,Port Myrna
319,Rubyechester
320,Port Kasey
321,New Lois
322,Raynormouth
323,New Jammiefort
324,North Easton
325,South Amandabury
326,Cruickshankberg
327,South Devonte
328,Port Marlee
329,East Freddieburgh
330,Melvinabury
331,Joesphfurt
332,Port Stanton
333,North Waldoburgh
334,East Rosalindport
335,South Desiree
336,Clemensmouth
337,New Angelo
338,Lake Kurtis
339,New Mellie
340,Gastonhaven
341,Port Kayliton
342,Ernserborough
343,Port Aliyah
344,East Stefanie
345,Emelyhaven
346,Daltonstad
347,South Freeda
348,Daleshire
349,North Breannehaven
350,East Thaddeusmouth
351,New Jaylan
352,Klockomouth
353,Kuvalishaven
354,Fritschstad
355,Tiannatown
356,Charleneland
357,East Weldon
358,West Jennings
359,West Pinkmouth
360,Dachhaven
361,Delfinaport
362,Clevefort
363,North Augustatown
364,East Joanniefort
365,Hoegermouth
366,Lake Thea
367,Martafort
368,Josefinafort
369,Vivianeshire
370,Berneicetown
371,Ruthland
372,Wittingberg
373,South Edgardomouth
374,West Reyes
375,Port Mikel
376,Port Elyssa
377,Nicolasshire
378,Port Madalynbury
379,Danielton
380,New Stanfordhaven
381,Lake Adrianaland
382,East Monserrateborough
383,Ericabury
384,South Daphnee
385,Sheldonmouth
386,East Kendraview
387,Port Uriel
388,South Abigale
389,Lake Donna
390,Watersside
391,Port Bufordmouth
392,Aubreehaven
393,Elenormouth
394,South Oranland
395,Port Josue
396,West Ike
397,South Emilia
398,East Giovaniberg
399,South Elenorchester
400,O'Connellfurt
401,East Coy
402,Rainamouth
403,Shyannbury
404,South Modestoside
405,Kochmouth
406,Treutelport
407,West Lilyberg
408,Port Mireya
409,Mercedesborough
410,Donland
411,Flaviomouth
412,East Demarcomouth
413,Port Aniyastad
414,Margarettville
415,Mrazchester
416,South Katlynn
417,Hettingerchester
418,New Darienhaven
419,West Yazmin
420,East Kariannefort
421,Port Dexterchester
422,Lake Miloland
423,Josianetown
424,Newtonmouth
425,Ernserstad
426,Port Verlie
427,Port Birdieton
428,New Louhaven
429,West Dejuan
430,South Alyson
431,Port Elijahstad
432,North Rubyton
433,Boscoberg
434,Jochester
435,Patrickchester
436,Jacynthetown
437,Port Larry
438,East Abbiemouth
439,Waelchiport
440,Bayerport
441,South Lorenz
442,Vonton
443,South Kavonview
444,Port Gennaroton
445,South Soledad
446,Melyssaport
447,Josephinefurt
448,North Renee
449,East Kimberly
450,West Gabrielbury
451,Leschtown
452,Hackettshire
453,Port Yasmeen
454,Willmsfurt
455,Denesikfurt
456,Hermistonchester
457,East Joel
458,West Kevinbury
459,Jamartown
460,Port Salvador
461,Lake Myrtleville
462,New Jerrelltown
463,North Parisland
464,New Harold
465,West Aniyah
466,North Melody
467,Reichertland
468,Shakirastad
469,New Unaton
470,New Dessie
471,South Ivaside
472,Cronaport
473,West Izaiahton
474,Armstrongborough
475,Port Clinton
476,Hintzfort
477,Glendashire
478,Port Joel
479,Lomachester
480,New Damon
481,West Giamouth
482,South Annabelleville
483,New Clare
484,Enolachester
485,Nathanielton
486,Greenberg
487,East Genesis
488,Collinshire
489,Vonport
490,Domingoburgh
491,Larkinshire
492,Port Opal
493,Harberberg
494,Kennithhaven
495,East Rebeka
496,Jalynbury
497,Trishaland
498,Alberthabury
499,New Janellefurt
500,Wolfshire
501,East Kaylin
502,Reillyville
503,Elodyland
504,East Gerard
505,South Nicola
506,East Declan
507,Jamarland
508,North Florence
509,Lake Geoffrey
510,North Karley
511,South Mervinburgh
512,Port Karenfort
513,South Lonny
514,Liambury
515,Port Ethel
516,Port Kaylahview
517,Tinabury
518,Domenickfort
519,East Milanfurt
520,Noraview
521,Jimmyview
522,Reichelside
523,Maeveport
524,Erickfurt
525,Lake Destiny
526,Alessiaton
527,Shaneview
528,West Amanda
529,East Dora
530,Seamusport
531,Vitochester
532,Blickview
533,Port Emmet
534,Lockmanmouth
535,South Gussieton
536,Lednerport
537,Molliechester
538,Lake Bernie
539,Jaydonville
540,Rivershire
541,Port Elinore
542,Hagenesfurt
543,Shayleemouth
544,Mosciskichester
545,Dooleytown
546,Rogerfurt
547,Kiarastad
548,Staceymouth
549,Tianaberg
550,Port Dana
551,Trompborough
552,West Gerardoton
553,South Lisandroland
554,Prosaccofurt
555,East Rhealand
556,Valentinfort
557,Lake Maxineton
558,Rosinastad
559,West Andersonland
560,Kutchfurt
561,New Kristofferburgh
562,Baileymouth
563,Port Dillonfurt
564,New Caleigh
565,South Gerald
566,North Eloisaton
567,New Jacksonshire
568,East Noble
569,North Nicklaustown
570,Hudsonberg
571,South Candelariofort
572,Bonitatown
573,Dewayneborough
574,Imeldaland
575,Melynahaven
576,Inesport
577,Madonnabury
578,Romaguerachester
579,Trantowport
580,South Wyattview
581,Torphystad
582,Ashleybury
583,West Tysonton
584,Prosaccomouth
585,Corkeryville
586,Gusberg
587,New Lennastad
588,Ellismouth
589,West Wilbertberg
590,Lake Thurmanborough
591,Lake Claraburgh
592,East Lorenzport
593,Port Leonorshire
594,Lake Kari
595,Bridgetside
596,West Abigaletown
597,New Cynthia
598,Jailynmouth
599,Wolffhaven
600,Wizaland
601,Smithland
602,Strosinfort
603,Gerlachbury
604,East Yvetteshire
605,Kreigerchester
606,Fletcherville
607,New Carmenborough
608,South Enos
609,Mattburgh
610,North Marilou
611,Ransomton
612,Cassinside
613,New Idell
614,Oberbrunnerburgh
615,New David
616,East Reaganhaven
617,Lake Jordonstad
618,Shawnbury
619,Lake Lucio
620,Forestton
621,Dudleyburgh
622,Port Neva
623,O'Keefeton
624,New Ally
625,New Anastad
626,Kertzmannmouth
627,East Eliezerland
628,Donnellborough
629,New Hugh
630,Jacobsonton
631,East Era
632,New Asaburgh
633,Kesslerfort
634,Port Craig
635,Lake Retaville
636,Salmafurt
637,South Hailee
638,New Christy
639,Port Destineybury
640,Davonshire
641,Koepphaven
642,West Tommie
643,West Ashleychester
644,Borerville
645,Brennonburgh
646,Guiseppeland
647,Skylarfurt
648,West Ebba
649,Juliatown
650,Craighaven
651,Lake Urielbury
652,Grahamtown
653,Gradyshire
654,South Torey
655,Emmerichborough
656,Rasheedborough
657,Corwinville
658,Wizaport
659,East Chetfurt
660,Gibsonstad
661,Carterton
662,South Brionna
663,Lake Felix
664,Maybelleside
665,Rennerborough
666,Schmelerchester
667,Caesarchester
668,New Kellen
669,Cristophertown
670,Francesfort
671,Lake Elvieton
672,Lake Wilbertberg
673,South Veronicaburgh
674,Raynormouth
675,New German
676,Andersonberg
677,Ferrybury
678,New Carmine
679,Ebbashire
680,Lake Larue
681,Emmieton
682,Port Savannahshire
683,Altenwerthfurt
684,Breitenbergmouth
685,Cristinachester
686,Boylefurt
687,Parkerville
688,Port Lonnie
689,Ratkefurt
690,South Jackson
691,Hettingerport
692,Marquardtside
693,Port Mckenzieberg
694,South Emilia
695,Gutkowskiborough
696,Ollieborough
697,Judsonmouth
698,Schoenmouth
699,South Rigobertoshire
700,Port Savionfort
701,Janetfurt
702,South Arno
703,East Giovanna
704,Gilberthaven
705,West Daishachester
706,Rashadfurt
707,Loriport
708,Phyllisborough
709,North Daisy
710,East Steviestad
711,Port Hipolito
712,Langoshland
713,South Donny
714,Greenfelderview
715,Port Tomasa
716,Port Kianland
717,Chanellefort
718,Lake Marcella
719,Pfannerstillmouth
720,Hilpertland
721,Yasmeenview
722,Chazfurt
723,East Hazel
724,Lake Marcotown
725,West Breanne
726,North Cleoraville
727,Kubhaven
728,New Donatobury
729,Port Hillary
730,East Laurel
731,Winfieldberg
732,Spinkaborough
733,South Brennan
734,West Mauricestad
735,Dimitrifort
736,Greenholtton
737,East Eldora
738,North Jerryhaven
739,East Retaton
740,West Marcelinoport
741,Juliebury
742,East Sandrine
743,Dickinsonburgh
744,Ullrichmouth
745,East Hannahbury
746,North Gregorymouth
747,New Viva
748,West Marguerite
749,Port Alanis
750,New Moisesside
751,North Tanner
752,Kalliefurt
753,Boyerberg
754,Earlstad
755,Marianaborough
756,Lubowitzton
757,East Norenemouth
758,Port Lolita
759,North Brannon
760,Port Norbertoshire
761,Port Delmer
762,North Albina
763,O'Konchester
764,New Brandynmouth
765,North Jovany
766,Leliaton
767,East Emeraldmouth
768,West Sammieshire
769,North Dorcasmouth
770,Littelchester
771,East Evalyntown
772,Ameliaborough
773,Port Breanaberg
774,Leuschkefort
775,East Carolynstad
776,Lake Justenville
777,East Cynthiaville
778,Electafort
779,Swiftside
780,South Edgardotown
781,South Hector
782,Port Connieshire
783,New Karlieland
784,Port Gwen
785,Lindaside
786,Nameland
787,New Toreychester
788,Andersonport
789,East Pablohaven
790,Lake Marciaside
791,Anastasiamouth
792,Jarontown
793,East Cortney
794,South Maryam
795,Monahanland
796,Port Alexanechester
797,Manteside
798,Tremblayville
799,South Perrymouth
800,Krystinaville
801,Feestshire
802,New Amiya
803,Boylemouth
804,East Margretfort
805,Daisymouth
806,Dominictown
807,Lake Willamouth
808,Mableburgh
809,Lake Katelyn
810,Mariestad
811,Watsicaburgh
812,New Josianneborough
813,Lunaville
814,Kuhlmanmouth
815,Abernathyfurt
816,West Francescoport
817,Elmoreburgh
818,Carleyshire
819,West Cleveland
820,West Carlosside
821,Moenberg
822,North Oralhaven
823,East Antoinetteberg
824,New Belle
825,West Muriel
826,New Anabel
827,East Masonland
828,South Ross
829,West Ralph
830,Goyettemouth
831,Port Dariusmouth
832,Kiehnland
833,South Gisselle
834,Lake Bridgette
835,Tamarashire
836,South Nolanmouth
837,South Daphne
838,Brekketon
839,Schmidtside
840,Vinniemouth
841,North Jeramy
842,Torphyside
843,Shayleemouth
844,Brakusmouth
845,West Seamus
846,South Isaac
847,North Dulceburgh
848,Tannerfurt
849,New Kaylieside
850,New Lexie
851,West Moriahborough
852,South Edwardmouth
853,South Domenicaberg
854,South Gustave
855,Lake Kristoffer
856,Treutelhaven
857,New Mosehaven
858,South Murl
859,Port Wilton
860,South Bridie
861,Gageside
862,North Gia
863,South Angelinechester
864,Port Zackaryburgh
865,Streichview
866,East Davion
867,West Ivyside
868,Lindsayside
869,Connellyfort
870,New Vincenzo
871,West Else
872,Johnsville
873,North Franzbury
874,South Ransommouth
875,Kaylinfurt
876,Port Americoton
877,North Leopoldohaven
878,Port Beauchester
879,Albertohaven
880,Auerport
881,East Margueritemouth
882,Tillmanburgh
883,Parkerville
884,East Teaganberg
885,Sengermouth
886,DuBuquemouth
887,East Dulce
888,North June
889,Joanieport
890,East Nayeliberg
891,Ferryside
892,Volkmanland
893,Sadyestad
894,Dooleystad
895,North Serenity
896,Zboncakview
897,West Mattie
898,Otistown
899,Erikaton
900,Garrisonshire
901,Jonathonmouth
902,Wehnerfort
903,Boyerhaven
904,Deonhaven
905,East Audra
906,Port Kennithton
907,Thielmouth
908,Zulaufstad
909,Julioport
910,Streichstad
911,Laviniaburgh
912,Port Gretashire
913,North Willchester
914,North Norma
915,Lavonborough
916,Mohrfort
917,Mariannafort
918,Port Opalborough
919,Weberborough
920,Rahulmouth
921,South Gordonton
922,Lilaberg
923,Rauport
924,Larkinberg
925,East Gisselle
926,Pollichfurt
927,Lake Phoebefort
928,Feestton
929,Reichertland
930,Robelland
931,Port Corneliusland
932,Orlandton
933,Lake Daphneymouth
934,Maryambury
935,New Drake
936,Port Jessicaville
937,North Leonardville
938,South Amiyaview
939,East Sophiechester
940,West Michael
941,Port Olafton
942,McDermottton
943,Mooreburgh
944,Port Huldaside
945,New Coltport
946,Laceystad
947,West Jodieburgh
948,Leonelbury
949,Lake Vallieville
950,Port Omashire
951,South Mikaylashire
952,North Odie
953,South Erich
954,Sengerchester
955,East Hipolito
956,Tressieland
957,East Ari
958,New Kelsie
959,Lake Rigobertotown
960,West Kieranfurt
961,Shayneberg
962,Ziemannview
963,North Durwardport
964,Robelstad
965,East Zoila
966,Ferrymouth
967,Lizethville
968,South Karolann
969,Eltonburgh
970,Watersfurt
971,Ebertville
972,Port Richiefort
973,Port Madaline
974,Noeliatown
975,Hanefort
976,Dorianstad
977,New Reba
978,South Jaquanborough
979,South Connor
980,Kurtismouth
981,Port London
982,Nayeliside
983,West Brain
984,Bayerhaven
985,Port Kristianport
986,Feestton
987,North Camillastad
988,Kubchester
989,South Wardport
990,Christiansenchester
991,Axelville
992,Hanebury
993,Schinnerville
994,Bauchmouth
995,East Murphyburgh
996,West Kadebury
997,Carolynehaven
998,Wayneshire
999,North Tremouth
1000,Gerholdtown
