id,image
1,https://s3-us-west-1.amazonaws.com/imagesforartist/images/1.jpeg
2,https://s3-us-west-1.amazonaws.com/imagesforartist/images/2.jpeg
3,https://s3-us-west-1.amazonaws.com/imagesforartist/images/3.jpeg
4,https://s3-us-west-1.amazonaws.com/imagesforartist/images/4.jpeg
5,https://s3-us-west-1.amazonaws.com/imagesforartist/images/5.jpeg
6,https://s3-us-west-1.amazonaws.com/imagesforartist/images/6.jpeg
7,https://s3-us-west-1.amazonaws.com/imagesforartist/images/7.jpeg
8,https://s3-us-west-1.amazonaws.com/imagesforartist/images/8.jpeg
9,https://s3-us-west-1.amazonaws.com/imagesforartist/images/9.jpeg
10,https://s3-us-west-1.amazonaws.com/imagesforartist/images/10.jpeg
11,https://s3-us-west-1.amazonaws.com/imagesforartist/images/11.jpeg
12,https://s3-us-west-1.amazonaws.com/imagesforartist/images/12.jpeg
13,https://s3-us-west-1.amazonaws.com/imagesforartist/images/13.jpeg
14,https://s3-us-west-1.amazonaws.com/imagesforartist/images/14.jpeg
15,https://s3-us-west-1.amazonaws.com/imagesforartist/images/15.jpeg
16,https://s3-us-west-1.amazonaws.com/imagesforartist/images/16.jpeg
17,https://s3-us-west-1.amazonaws.com/imagesforartist/images/17.jpeg
18,https://s3-us-west-1.amazonaws.com/imagesforartist/images/18.jpeg
19,https://s3-us-west-1.amazonaws.com/imagesforartist/images/19.jpeg
20,https://s3-us-west-1.amazonaws.com/imagesforartist/images/20.jpeg
21,https://s3-us-west-1.amazonaws.com/imagesforartist/images/21.jpeg
22,https://s3-us-west-1.amazonaws.com/imagesforartist/images/22.jpeg
23,https://s3-us-west-1.amazonaws.com/imagesforartist/images/23.jpeg
24,https://s3-us-west-1.amazonaws.com/imagesforartist/images/24.jpeg
25,https://s3-us-west-1.amazonaws.com/imagesforartist/images/25.jpeg
26,https://s3-us-west-1.amazonaws.com/imagesforartist/images/26.jpeg
27,https://s3-us-west-1.amazonaws.com/imagesforartist/images/27.jpeg
28,https://s3-us-west-1.amazonaws.com/imagesforartist/images/28.jpeg
29,https://s3-us-west-1.amazonaws.com/imagesforartist/images/29.jpeg
30,https://s3-us-west-1.amazonaws.com/imagesforartist/images/30.jpeg
31,https://s3-us-west-1.amazonaws.com/imagesforartist/images/31.jpeg
32,https://s3-us-west-1.amazonaws.com/imagesforartist/images/32.jpeg
33,https://s3-us-west-1.amazonaws.com/imagesforartist/images/33.jpeg
34,https://s3-us-west-1.amazonaws.com/imagesforartist/images/34.jpeg
35,https://s3-us-west-1.amazonaws.com/imagesforartist/images/35.jpeg
36,https://s3-us-west-1.amazonaws.com/imagesforartist/images/36.jpeg
37,https://s3-us-west-1.amazonaws.com/imagesforartist/images/37.jpeg
38,https://s3-us-west-1.amazonaws.com/imagesforartist/images/38.jpeg
39,https://s3-us-west-1.amazonaws.com/imagesforartist/images/39.jpeg
40,https://s3-us-west-1.amazonaws.com/imagesforartist/images/40.jpeg
41,https://s3-us-west-1.amazonaws.com/imagesforartist/images/41.jpeg
42,https://s3-us-west-1.amazonaws.com/imagesforartist/images/42.jpeg
43,https://s3-us-west-1.amazonaws.com/imagesforartist/images/43.jpeg
44,https://s3-us-west-1.amazonaws.com/imagesforartist/images/44.jpeg
45,https://s3-us-west-1.amazonaws.com/imagesforartist/images/45.jpeg
46,https://s3-us-west-1.amazonaws.com/imagesforartist/images/46.jpeg
47,https://s3-us-west-1.amazonaws.com/imagesforartist/images/47.jpeg
48,https://s3-us-west-1.amazonaws.com/imagesforartist/images/48.jpeg
49,https://s3-us-west-1.amazonaws.com/imagesforartist/images/49.jpeg
50,https://s3-us-west-1.amazonaws.com/imagesforartist/images/50.jpeg
51,https://s3-us-west-1.amazonaws.com/imagesforartist/images/51.jpeg
52,https://s3-us-west-1.amazonaws.com/imagesforartist/images/52.jpeg
53,https://s3-us-west-1.amazonaws.com/imagesforartist/images/53.jpeg
54,https://s3-us-west-1.amazonaws.com/imagesforartist/images/54.jpeg
55,https://s3-us-west-1.amazonaws.com/imagesforartist/images/55.jpeg
56,https://s3-us-west-1.amazonaws.com/imagesforartist/images/56.jpeg
57,https://s3-us-west-1.amazonaws.com/imagesforartist/images/57.jpeg
58,https://s3-us-west-1.amazonaws.com/imagesforartist/images/58.jpeg
59,https://s3-us-west-1.amazonaws.com/imagesforartist/images/59.jpeg
60,https://s3-us-west-1.amazonaws.com/imagesforartist/images/60.jpeg
61,https://s3-us-west-1.amazonaws.com/imagesforartist/images/61.jpeg
62,https://s3-us-west-1.amazonaws.com/imagesforartist/images/62.jpeg
63,https://s3-us-west-1.amazonaws.com/imagesforartist/images/63.jpeg
64,https://s3-us-west-1.amazonaws.com/imagesforartist/images/64.jpeg
65,https://s3-us-west-1.amazonaws.com/imagesforartist/images/65.jpeg
66,https://s3-us-west-1.amazonaws.com/imagesforartist/images/66.jpeg
67,https://s3-us-west-1.amazonaws.com/imagesforartist/images/67.jpeg
68,https://s3-us-west-1.amazonaws.com/imagesforartist/images/68.jpeg
69,https://s3-us-west-1.amazonaws.com/imagesforartist/images/69.jpeg
70,https://s3-us-west-1.amazonaws.com/imagesforartist/images/70.jpeg
71,https://s3-us-west-1.amazonaws.com/imagesforartist/images/71.jpeg
72,https://s3-us-west-1.amazonaws.com/imagesforartist/images/72.jpeg
73,https://s3-us-west-1.amazonaws.com/imagesforartist/images/73.jpeg
74,https://s3-us-west-1.amazonaws.com/imagesforartist/images/74.jpeg
75,https://s3-us-west-1.amazonaws.com/imagesforartist/images/75.jpeg
76,https://s3-us-west-1.amazonaws.com/imagesforartist/images/76.jpeg
77,https://s3-us-west-1.amazonaws.com/imagesforartist/images/77.jpeg
78,https://s3-us-west-1.amazonaws.com/imagesforartist/images/78.jpeg
79,https://s3-us-west-1.amazonaws.com/imagesforartist/images/79.jpeg
80,https://s3-us-west-1.amazonaws.com/imagesforartist/images/80.jpeg
81,https://s3-us-west-1.amazonaws.com/imagesforartist/images/81.jpeg
82,https://s3-us-west-1.amazonaws.com/imagesforartist/images/82.jpeg
83,https://s3-us-west-1.amazonaws.com/imagesforartist/images/83.jpeg
84,https://s3-us-west-1.amazonaws.com/imagesforartist/images/84.jpeg
85,https://s3-us-west-1.amazonaws.com/imagesforartist/images/85.jpeg
86,https://s3-us-west-1.amazonaws.com/imagesforartist/images/86.jpeg
87,https://s3-us-west-1.amazonaws.com/imagesforartist/images/87.jpeg
88,https://s3-us-west-1.amazonaws.com/imagesforartist/images/88.jpeg
89,https://s3-us-west-1.amazonaws.com/imagesforartist/images/89.jpeg
90,https://s3-us-west-1.amazonaws.com/imagesforartist/images/90.jpeg
91,https://s3-us-west-1.amazonaws.com/imagesforartist/images/91.jpeg
92,https://s3-us-west-1.amazonaws.com/imagesforartist/images/92.jpeg
93,https://s3-us-west-1.amazonaws.com/imagesforartist/images/93.jpeg
94,https://s3-us-west-1.amazonaws.com/imagesforartist/images/94.jpeg
95,https://s3-us-west-1.amazonaws.com/imagesforartist/images/95.jpeg
96,https://s3-us-west-1.amazonaws.com/imagesforartist/images/96.jpeg
97,https://s3-us-west-1.amazonaws.com/imagesforartist/images/97.jpeg
98,https://s3-us-west-1.amazonaws.com/imagesforartist/images/98.jpeg
99,https://s3-us-west-1.amazonaws.com/imagesforartist/images/99.jpeg
100,https://s3-us-west-1.amazonaws.com/imagesforartist/images/100.jpeg
101,https://s3-us-west-1.amazonaws.com/imagesforartist/images/101.jpeg
102,https://s3-us-west-1.amazonaws.com/imagesforartist/images/102.jpeg
103,https://s3-us-west-1.amazonaws.com/imagesforartist/images/103.jpeg
104,https://s3-us-west-1.amazonaws.com/imagesforartist/images/104.jpeg
105,https://s3-us-west-1.amazonaws.com/imagesforartist/images/105.jpeg
106,https://s3-us-west-1.amazonaws.com/imagesforartist/images/106.jpeg
107,https://s3-us-west-1.amazonaws.com/imagesforartist/images/107.jpeg
108,https://s3-us-west-1.amazonaws.com/imagesforartist/images/108.jpeg
109,https://s3-us-west-1.amazonaws.com/imagesforartist/images/109.jpeg
110,https://s3-us-west-1.amazonaws.com/imagesforartist/images/110.jpeg
111,https://s3-us-west-1.amazonaws.com/imagesforartist/images/111.jpeg
112,https://s3-us-west-1.amazonaws.com/imagesforartist/images/112.jpeg
113,https://s3-us-west-1.amazonaws.com/imagesforartist/images/113.jpeg
114,https://s3-us-west-1.amazonaws.com/imagesforartist/images/114.jpeg
115,https://s3-us-west-1.amazonaws.com/imagesforartist/images/115.jpeg
116,https://s3-us-west-1.amazonaws.com/imagesforartist/images/116.jpeg
117,https://s3-us-west-1.amazonaws.com/imagesforartist/images/117.jpeg
118,https://s3-us-west-1.amazonaws.com/imagesforartist/images/118.jpeg
119,https://s3-us-west-1.amazonaws.com/imagesforartist/images/119.jpeg
120,https://s3-us-west-1.amazonaws.com/imagesforartist/images/120.jpeg
121,https://s3-us-west-1.amazonaws.com/imagesforartist/images/121.jpeg
122,https://s3-us-west-1.amazonaws.com/imagesforartist/images/122.jpeg
123,https://s3-us-west-1.amazonaws.com/imagesforartist/images/123.jpeg
124,https://s3-us-west-1.amazonaws.com/imagesforartist/images/124.jpeg
125,https://s3-us-west-1.amazonaws.com/imagesforartist/images/125.jpeg
126,https://s3-us-west-1.amazonaws.com/imagesforartist/images/126.jpeg
127,https://s3-us-west-1.amazonaws.com/imagesforartist/images/127.jpeg
128,https://s3-us-west-1.amazonaws.com/imagesforartist/images/128.jpeg
129,https://s3-us-west-1.amazonaws.com/imagesforartist/images/129.jpeg
130,https://s3-us-west-1.amazonaws.com/imagesforartist/images/130.jpeg
131,https://s3-us-west-1.amazonaws.com/imagesforartist/images/131.jpeg
132,https://s3-us-west-1.amazonaws.com/imagesforartist/images/132.jpeg
133,https://s3-us-west-1.amazonaws.com/imagesforartist/images/133.jpeg
134,https://s3-us-west-1.amazonaws.com/imagesforartist/images/134.jpeg
135,https://s3-us-west-1.amazonaws.com/imagesforartist/images/135.jpeg
136,https://s3-us-west-1.amazonaws.com/imagesforartist/images/136.jpeg
137,https://s3-us-west-1.amazonaws.com/imagesforartist/images/137.jpeg
138,https://s3-us-west-1.amazonaws.com/imagesforartist/images/138.jpeg
139,https://s3-us-west-1.amazonaws.com/imagesforartist/images/139.jpeg
140,https://s3-us-west-1.amazonaws.com/imagesforartist/images/140.jpeg
141,https://s3-us-west-1.amazonaws.com/imagesforartist/images/141.jpeg
142,https://s3-us-west-1.amazonaws.com/imagesforartist/images/142.jpeg
143,https://s3-us-west-1.amazonaws.com/imagesforartist/images/143.jpeg
144,https://s3-us-west-1.amazonaws.com/imagesforartist/images/144.jpeg
145,https://s3-us-west-1.amazonaws.com/imagesforartist/images/145.jpeg
146,https://s3-us-west-1.amazonaws.com/imagesforartist/images/146.jpeg
147,https://s3-us-west-1.amazonaws.com/imagesforartist/images/147.jpeg
148,https://s3-us-west-1.amazonaws.com/imagesforartist/images/148.jpeg
149,https://s3-us-west-1.amazonaws.com/imagesforartist/images/149.jpeg
150,https://s3-us-west-1.amazonaws.com/imagesforartist/images/150.jpeg
151,https://s3-us-west-1.amazonaws.com/imagesforartist/images/151.jpeg
152,https://s3-us-west-1.amazonaws.com/imagesforartist/images/152.jpeg
153,https://s3-us-west-1.amazonaws.com/imagesforartist/images/153.jpeg
154,https://s3-us-west-1.amazonaws.com/imagesforartist/images/154.jpeg
155,https://s3-us-west-1.amazonaws.com/imagesforartist/images/155.jpeg
156,https://s3-us-west-1.amazonaws.com/imagesforartist/images/156.jpeg
157,https://s3-us-west-1.amazonaws.com/imagesforartist/images/157.jpeg
158,https://s3-us-west-1.amazonaws.com/imagesforartist/images/158.jpeg
159,https://s3-us-west-1.amazonaws.com/imagesforartist/images/159.jpeg
160,https://s3-us-west-1.amazonaws.com/imagesforartist/images/160.jpeg
161,https://s3-us-west-1.amazonaws.com/imagesforartist/images/161.jpeg
162,https://s3-us-west-1.amazonaws.com/imagesforartist/images/162.jpeg
163,https://s3-us-west-1.amazonaws.com/imagesforartist/images/163.jpeg
164,https://s3-us-west-1.amazonaws.com/imagesforartist/images/164.jpeg
165,https://s3-us-west-1.amazonaws.com/imagesforartist/images/165.jpeg
166,https://s3-us-west-1.amazonaws.com/imagesforartist/images/166.jpeg
167,https://s3-us-west-1.amazonaws.com/imagesforartist/images/167.jpeg
168,https://s3-us-west-1.amazonaws.com/imagesforartist/images/168.jpeg
169,https://s3-us-west-1.amazonaws.com/imagesforartist/images/169.jpeg
170,https://s3-us-west-1.amazonaws.com/imagesforartist/images/170.jpeg
171,https://s3-us-west-1.amazonaws.com/imagesforartist/images/171.jpeg
172,https://s3-us-west-1.amazonaws.com/imagesforartist/images/172.jpeg
173,https://s3-us-west-1.amazonaws.com/imagesforartist/images/173.jpeg
174,https://s3-us-west-1.amazonaws.com/imagesforartist/images/174.jpeg
175,https://s3-us-west-1.amazonaws.com/imagesforartist/images/175.jpeg
176,https://s3-us-west-1.amazonaws.com/imagesforartist/images/176.jpeg
177,https://s3-us-west-1.amazonaws.com/imagesforartist/images/177.jpeg
178,https://s3-us-west-1.amazonaws.com/imagesforartist/images/178.jpeg
179,https://s3-us-west-1.amazonaws.com/imagesforartist/images/179.jpeg
180,https://s3-us-west-1.amazonaws.com/imagesforartist/images/180.jpeg
181,https://s3-us-west-1.amazonaws.com/imagesforartist/images/181.jpeg
182,https://s3-us-west-1.amazonaws.com/imagesforartist/images/182.jpeg
183,https://s3-us-west-1.amazonaws.com/imagesforartist/images/183.jpeg
184,https://s3-us-west-1.amazonaws.com/imagesforartist/images/184.jpeg
185,https://s3-us-west-1.amazonaws.com/imagesforartist/images/185.jpeg
186,https://s3-us-west-1.amazonaws.com/imagesforartist/images/186.jpeg
187,https://s3-us-west-1.amazonaws.com/imagesforartist/images/187.jpeg
188,https://s3-us-west-1.amazonaws.com/imagesforartist/images/188.jpeg
189,https://s3-us-west-1.amazonaws.com/imagesforartist/images/189.jpeg
190,https://s3-us-west-1.amazonaws.com/imagesforartist/images/190.jpeg
191,https://s3-us-west-1.amazonaws.com/imagesforartist/images/191.jpeg
192,https://s3-us-west-1.amazonaws.com/imagesforartist/images/192.jpeg
193,https://s3-us-west-1.amazonaws.com/imagesforartist/images/193.jpeg
194,https://s3-us-west-1.amazonaws.com/imagesforartist/images/194.jpeg
195,https://s3-us-west-1.amazonaws.com/imagesforartist/images/195.jpeg
196,https://s3-us-west-1.amazonaws.com/imagesforartist/images/196.jpeg
197,https://s3-us-west-1.amazonaws.com/imagesforartist/images/197.jpeg
198,https://s3-us-west-1.amazonaws.com/imagesforartist/images/198.jpeg
199,https://s3-us-west-1.amazonaws.com/imagesforartist/images/199.jpeg
200,https://s3-us-west-1.amazonaws.com/imagesforartist/images/200.jpeg
201,https://s3-us-west-1.amazonaws.com/imagesforartist/images/201.jpeg
202,https://s3-us-west-1.amazonaws.com/imagesforartist/images/202.jpeg
203,https://s3-us-west-1.amazonaws.com/imagesforartist/images/203.jpeg
204,https://s3-us-west-1.amazonaws.com/imagesforartist/images/204.jpeg
205,https://s3-us-west-1.amazonaws.com/imagesforartist/images/205.jpeg
206,https://s3-us-west-1.amazonaws.com/imagesforartist/images/206.jpeg
207,https://s3-us-west-1.amazonaws.com/imagesforartist/images/207.jpeg
208,https://s3-us-west-1.amazonaws.com/imagesforartist/images/208.jpeg
209,https://s3-us-west-1.amazonaws.com/imagesforartist/images/209.jpeg
210,https://s3-us-west-1.amazonaws.com/imagesforartist/images/210.jpeg
211,https://s3-us-west-1.amazonaws.com/imagesforartist/images/211.jpeg
212,https://s3-us-west-1.amazonaws.com/imagesforartist/images/212.jpeg
213,https://s3-us-west-1.amazonaws.com/imagesforartist/images/213.jpeg
214,https://s3-us-west-1.amazonaws.com/imagesforartist/images/214.jpeg
215,https://s3-us-west-1.amazonaws.com/imagesforartist/images/215.jpeg
216,https://s3-us-west-1.amazonaws.com/imagesforartist/images/216.jpeg
217,https://s3-us-west-1.amazonaws.com/imagesforartist/images/217.jpeg
218,https://s3-us-west-1.amazonaws.com/imagesforartist/images/218.jpeg
219,https://s3-us-west-1.amazonaws.com/imagesforartist/images/219.jpeg
220,https://s3-us-west-1.amazonaws.com/imagesforartist/images/220.jpeg
221,https://s3-us-west-1.amazonaws.com/imagesforartist/images/221.jpeg
222,https://s3-us-west-1.amazonaws.com/imagesforartist/images/222.jpeg
223,https://s3-us-west-1.amazonaws.com/imagesforartist/images/223.jpeg
224,https://s3-us-west-1.amazonaws.com/imagesforartist/images/224.jpeg
225,https://s3-us-west-1.amazonaws.com/imagesforartist/images/225.jpeg
226,https://s3-us-west-1.amazonaws.com/imagesforartist/images/226.jpeg
227,https://s3-us-west-1.amazonaws.com/imagesforartist/images/227.jpeg
228,https://s3-us-west-1.amazonaws.com/imagesforartist/images/228.jpeg
229,https://s3-us-west-1.amazonaws.com/imagesforartist/images/229.jpeg
230,https://s3-us-west-1.amazonaws.com/imagesforartist/images/230.jpeg
231,https://s3-us-west-1.amazonaws.com/imagesforartist/images/231.jpeg
232,https://s3-us-west-1.amazonaws.com/imagesforartist/images/232.jpeg
233,https://s3-us-west-1.amazonaws.com/imagesforartist/images/233.jpeg
234,https://s3-us-west-1.amazonaws.com/imagesforartist/images/234.jpeg
235,https://s3-us-west-1.amazonaws.com/imagesforartist/images/235.jpeg
236,https://s3-us-west-1.amazonaws.com/imagesforartist/images/236.jpeg
237,https://s3-us-west-1.amazonaws.com/imagesforartist/images/237.jpeg
238,https://s3-us-west-1.amazonaws.com/imagesforartist/images/238.jpeg
239,https://s3-us-west-1.amazonaws.com/imagesforartist/images/239.jpeg
240,https://s3-us-west-1.amazonaws.com/imagesforartist/images/240.jpeg
241,https://s3-us-west-1.amazonaws.com/imagesforartist/images/241.jpeg
242,https://s3-us-west-1.amazonaws.com/imagesforartist/images/242.jpeg
243,https://s3-us-west-1.amazonaws.com/imagesforartist/images/243.jpeg
244,https://s3-us-west-1.amazonaws.com/imagesforartist/images/244.jpeg
245,https://s3-us-west-1.amazonaws.com/imagesforartist/images/245.jpeg
246,https://s3-us-west-1.amazonaws.com/imagesforartist/images/246.jpeg
247,https://s3-us-west-1.amazonaws.com/imagesforartist/images/247.jpeg
248,https://s3-us-west-1.amazonaws.com/imagesforartist/images/248.jpeg
249,https://s3-us-west-1.amazonaws.com/imagesforartist/images/249.jpeg
250,https://s3-us-west-1.amazonaws.com/imagesforartist/images/250.jpeg
251,https://s3-us-west-1.amazonaws.com/imagesforartist/images/251.jpeg
252,https://s3-us-west-1.amazonaws.com/imagesforartist/images/252.jpeg
253,https://s3-us-west-1.amazonaws.com/imagesforartist/images/253.jpeg
254,https://s3-us-west-1.amazonaws.com/imagesforartist/images/254.jpeg
255,https://s3-us-west-1.amazonaws.com/imagesforartist/images/255.jpeg
256,https://s3-us-west-1.amazonaws.com/imagesforartist/images/256.jpeg
257,https://s3-us-west-1.amazonaws.com/imagesforartist/images/257.jpeg
258,https://s3-us-west-1.amazonaws.com/imagesforartist/images/258.jpeg
259,https://s3-us-west-1.amazonaws.com/imagesforartist/images/259.jpeg
260,https://s3-us-west-1.amazonaws.com/imagesforartist/images/260.jpeg
261,https://s3-us-west-1.amazonaws.com/imagesforartist/images/261.jpeg
262,https://s3-us-west-1.amazonaws.com/imagesforartist/images/262.jpeg
263,https://s3-us-west-1.amazonaws.com/imagesforartist/images/263.jpeg
264,https://s3-us-west-1.amazonaws.com/imagesforartist/images/264.jpeg
265,https://s3-us-west-1.amazonaws.com/imagesforartist/images/265.jpeg
266,https://s3-us-west-1.amazonaws.com/imagesforartist/images/266.jpeg
267,https://s3-us-west-1.amazonaws.com/imagesforartist/images/267.jpeg
268,https://s3-us-west-1.amazonaws.com/imagesforartist/images/268.jpeg
269,https://s3-us-west-1.amazonaws.com/imagesforartist/images/269.jpeg
270,https://s3-us-west-1.amazonaws.com/imagesforartist/images/270.jpeg
271,https://s3-us-west-1.amazonaws.com/imagesforartist/images/271.jpeg
272,https://s3-us-west-1.amazonaws.com/imagesforartist/images/272.jpeg
273,https://s3-us-west-1.amazonaws.com/imagesforartist/images/273.jpeg
274,https://s3-us-west-1.amazonaws.com/imagesforartist/images/274.jpeg
275,https://s3-us-west-1.amazonaws.com/imagesforartist/images/275.jpeg
276,https://s3-us-west-1.amazonaws.com/imagesforartist/images/276.jpeg
277,https://s3-us-west-1.amazonaws.com/imagesforartist/images/277.jpeg
278,https://s3-us-west-1.amazonaws.com/imagesforartist/images/278.jpeg
279,https://s3-us-west-1.amazonaws.com/imagesforartist/images/279.jpeg
280,https://s3-us-west-1.amazonaws.com/imagesforartist/images/280.jpeg
281,https://s3-us-west-1.amazonaws.com/imagesforartist/images/281.jpeg
282,https://s3-us-west-1.amazonaws.com/imagesforartist/images/282.jpeg
283,https://s3-us-west-1.amazonaws.com/imagesforartist/images/283.jpeg
284,https://s3-us-west-1.amazonaws.com/imagesforartist/images/284.jpeg
285,https://s3-us-west-1.amazonaws.com/imagesforartist/images/285.jpeg
286,https://s3-us-west-1.amazonaws.com/imagesforartist/images/286.jpeg
287,https://s3-us-west-1.amazonaws.com/imagesforartist/images/287.jpeg
288,https://s3-us-west-1.amazonaws.com/imagesforartist/images/288.jpeg
289,https://s3-us-west-1.amazonaws.com/imagesforartist/images/289.jpeg
290,https://s3-us-west-1.amazonaws.com/imagesforartist/images/290.jpeg
291,https://s3-us-west-1.amazonaws.com/imagesforartist/images/291.jpeg
292,https://s3-us-west-1.amazonaws.com/imagesforartist/images/292.jpeg
293,https://s3-us-west-1.amazonaws.com/imagesforartist/images/293.jpeg
294,https://s3-us-west-1.amazonaws.com/imagesforartist/images/294.jpeg
295,https://s3-us-west-1.amazonaws.com/imagesforartist/images/295.jpeg
296,https://s3-us-west-1.amazonaws.com/imagesforartist/images/296.jpeg
297,https://s3-us-west-1.amazonaws.com/imagesforartist/images/297.jpeg
298,https://s3-us-west-1.amazonaws.com/imagesforartist/images/298.jpeg
299,https://s3-us-west-1.amazonaws.com/imagesforartist/images/299.jpeg
300,https://s3-us-west-1.amazonaws.com/imagesforartist/images/300.jpeg
301,https://s3-us-west-1.amazonaws.com/imagesforartist/images/301.jpeg
302,https://s3-us-west-1.amazonaws.com/imagesforartist/images/302.jpeg
303,https://s3-us-west-1.amazonaws.com/imagesforartist/images/303.jpeg
304,https://s3-us-west-1.amazonaws.com/imagesforartist/images/304.jpeg
305,https://s3-us-west-1.amazonaws.com/imagesforartist/images/305.jpeg
306,https://s3-us-west-1.amazonaws.com/imagesforartist/images/306.jpeg
307,https://s3-us-west-1.amazonaws.com/imagesforartist/images/307.jpeg
308,https://s3-us-west-1.amazonaws.com/imagesforartist/images/308.jpeg
309,https://s3-us-west-1.amazonaws.com/imagesforartist/images/309.jpeg
310,https://s3-us-west-1.amazonaws.com/imagesforartist/images/310.jpeg
311,https://s3-us-west-1.amazonaws.com/imagesforartist/images/311.jpeg
312,https://s3-us-west-1.amazonaws.com/imagesforartist/images/312.jpeg
313,https://s3-us-west-1.amazonaws.com/imagesforartist/images/313.jpeg
314,https://s3-us-west-1.amazonaws.com/imagesforartist/images/314.jpeg
315,https://s3-us-west-1.amazonaws.com/imagesforartist/images/315.jpeg
316,https://s3-us-west-1.amazonaws.com/imagesforartist/images/316.jpeg
317,https://s3-us-west-1.amazonaws.com/imagesforartist/images/317.jpeg
318,https://s3-us-west-1.amazonaws.com/imagesforartist/images/318.jpeg
319,https://s3-us-west-1.amazonaws.com/imagesforartist/images/319.jpeg
320,https://s3-us-west-1.amazonaws.com/imagesforartist/images/320.jpeg
321,https://s3-us-west-1.amazonaws.com/imagesforartist/images/321.jpeg
322,https://s3-us-west-1.amazonaws.com/imagesforartist/images/322.jpeg
323,https://s3-us-west-1.amazonaws.com/imagesforartist/images/323.jpeg
324,https://s3-us-west-1.amazonaws.com/imagesforartist/images/324.jpeg
325,https://s3-us-west-1.amazonaws.com/imagesforartist/images/325.jpeg
326,https://s3-us-west-1.amazonaws.com/imagesforartist/images/326.jpeg
327,https://s3-us-west-1.amazonaws.com/imagesforartist/images/327.jpeg
328,https://s3-us-west-1.amazonaws.com/imagesforartist/images/328.jpeg
329,https://s3-us-west-1.amazonaws.com/imagesforartist/images/329.jpeg
330,https://s3-us-west-1.amazonaws.com/imagesforartist/images/330.jpeg
331,https://s3-us-west-1.amazonaws.com/imagesforartist/images/331.jpeg
332,https://s3-us-west-1.amazonaws.com/imagesforartist/images/332.jpeg
333,https://s3-us-west-1.amazonaws.com/imagesforartist/images/333.jpeg
334,https://s3-us-west-1.amazonaws.com/imagesforartist/images/334.jpeg
335,https://s3-us-west-1.amazonaws.com/imagesforartist/images/335.jpeg
336,https://s3-us-west-1.amazonaws.com/imagesforartist/images/336.jpeg
337,https://s3-us-west-1.amazonaws.com/imagesforartist/images/337.jpeg
338,https://s3-us-west-1.amazonaws.com/imagesforartist/images/338.jpeg
339,https://s3-us-west-1.amazonaws.com/imagesforartist/images/339.jpeg
340,https://s3-us-west-1.amazonaws.com/imagesforartist/images/340.jpeg
341,https://s3-us-west-1.amazonaws.com/imagesforartist/images/341.jpeg
342,https://s3-us-west-1.amazonaws.com/imagesforartist/images/342.jpeg
343,https://s3-us-west-1.amazonaws.com/imagesforartist/images/343.jpeg
344,https://s3-us-west-1.amazonaws.com/imagesforartist/images/344.jpeg
345,https://s3-us-west-1.amazonaws.com/imagesforartist/images/345.jpeg
346,https://s3-us-west-1.amazonaws.com/imagesforartist/images/346.jpeg
347,https://s3-us-west-1.amazonaws.com/imagesforartist/images/347.jpeg
348,https://s3-us-west-1.amazonaws.com/imagesforartist/images/348.jpeg
349,https://s3-us-west-1.amazonaws.com/imagesforartist/images/349.jpeg
350,https://s3-us-west-1.amazonaws.com/imagesforartist/images/350.jpeg
351,https://s3-us-west-1.amazonaws.com/imagesforartist/images/351.jpeg
352,https://s3-us-west-1.amazonaws.com/imagesforartist/images/352.jpeg
353,https://s3-us-west-1.amazonaws.com/imagesforartist/images/353.jpeg
354,https://s3-us-west-1.amazonaws.com/imagesforartist/images/354.jpeg
355,https://s3-us-west-1.amazonaws.com/imagesforartist/images/355.jpeg
356,https://s3-us-west-1.amazonaws.com/imagesforartist/images/356.jpeg
357,https://s3-us-west-1.amazonaws.com/imagesforartist/images/357.jpeg
358,https://s3-us-west-1.amazonaws.com/imagesforartist/images/358.jpeg
359,https://s3-us-west-1.amazonaws.com/imagesforartist/images/359.jpeg
360,https://s3-us-west-1.amazonaws.com/imagesforartist/images/360.jpeg
361,https://s3-us-west-1.amazonaws.com/imagesforartist/images/361.jpeg
362,https://s3-us-west-1.amazonaws.com/imagesforartist/images/362.jpeg
363,https://s3-us-west-1.amazonaws.com/imagesforartist/images/363.jpeg
364,https://s3-us-west-1.amazonaws.com/imagesforartist/images/364.jpeg
365,https://s3-us-west-1.amazonaws.com/imagesforartist/images/365.jpeg
366,https://s3-us-west-1.amazonaws.com/imagesforartist/images/366.jpeg
367,https://s3-us-west-1.amazonaws.com/imagesforartist/images/367.jpeg
368,https://s3-us-west-1.amazonaws.com/imagesforartist/images/368.jpeg
369,https://s3-us-west-1.amazonaws.com/imagesforartist/images/369.jpeg
370,https://s3-us-west-1.amazonaws.com/imagesforartist/images/370.jpeg
371,https://s3-us-west-1.amazonaws.com/imagesforartist/images/371.jpeg
372,https://s3-us-west-1.amazonaws.com/imagesforartist/images/372.jpeg
373,https://s3-us-west-1.amazonaws.com/imagesforartist/images/373.jpeg
374,https://s3-us-west-1.amazonaws.com/imagesforartist/images/374.jpeg
375,https://s3-us-west-1.amazonaws.com/imagesforartist/images/375.jpeg
376,https://s3-us-west-1.amazonaws.com/imagesforartist/images/376.jpeg
377,https://s3-us-west-1.amazonaws.com/imagesforartist/images/377.jpeg
378,https://s3-us-west-1.amazonaws.com/imagesforartist/images/378.jpeg
379,https://s3-us-west-1.amazonaws.com/imagesforartist/images/379.jpeg
380,https://s3-us-west-1.amazonaws.com/imagesforartist/images/380.jpeg
381,https://s3-us-west-1.amazonaws.com/imagesforartist/images/381.jpeg
382,https://s3-us-west-1.amazonaws.com/imagesforartist/images/382.jpeg
383,https://s3-us-west-1.amazonaws.com/imagesforartist/images/383.jpeg
384,https://s3-us-west-1.amazonaws.com/imagesforartist/images/384.jpeg
385,https://s3-us-west-1.amazonaws.com/imagesforartist/images/385.jpeg
386,https://s3-us-west-1.amazonaws.com/imagesforartist/images/386.jpeg
387,https://s3-us-west-1.amazonaws.com/imagesforartist/images/387.jpeg
388,https://s3-us-west-1.amazonaws.com/imagesforartist/images/388.jpeg
389,https://s3-us-west-1.amazonaws.com/imagesforartist/images/389.jpeg
390,https://s3-us-west-1.amazonaws.com/imagesforartist/images/390.jpeg
391,https://s3-us-west-1.amazonaws.com/imagesforartist/images/391.jpeg
392,https://s3-us-west-1.amazonaws.com/imagesforartist/images/392.jpeg
393,https://s3-us-west-1.amazonaws.com/imagesforartist/images/393.jpeg
394,https://s3-us-west-1.amazonaws.com/imagesforartist/images/394.jpeg
395,https://s3-us-west-1.amazonaws.com/imagesforartist/images/395.jpeg
396,https://s3-us-west-1.amazonaws.com/imagesforartist/images/396.jpeg
397,https://s3-us-west-1.amazonaws.com/imagesforartist/images/397.jpeg
398,https://s3-us-west-1.amazonaws.com/imagesforartist/images/398.jpeg
399,https://s3-us-west-1.amazonaws.com/imagesforartist/images/399.jpeg
400,https://s3-us-west-1.amazonaws.com/imagesforartist/images/400.jpeg
401,https://s3-us-west-1.amazonaws.com/imagesforartist/images/401.jpeg
402,https://s3-us-west-1.amazonaws.com/imagesforartist/images/402.jpeg
403,https://s3-us-west-1.amazonaws.com/imagesforartist/images/403.jpeg
404,https://s3-us-west-1.amazonaws.com/imagesforartist/images/404.jpeg
405,https://s3-us-west-1.amazonaws.com/imagesforartist/images/405.jpeg
406,https://s3-us-west-1.amazonaws.com/imagesforartist/images/406.jpeg
407,https://s3-us-west-1.amazonaws.com/imagesforartist/images/407.jpeg
408,https://s3-us-west-1.amazonaws.com/imagesforartist/images/408.jpeg
409,https://s3-us-west-1.amazonaws.com/imagesforartist/images/409.jpeg
410,https://s3-us-west-1.amazonaws.com/imagesforartist/images/410.jpeg
411,https://s3-us-west-1.amazonaws.com/imagesforartist/images/411.jpeg
412,https://s3-us-west-1.amazonaws.com/imagesforartist/images/412.jpeg
413,https://s3-us-west-1.amazonaws.com/imagesforartist/images/413.jpeg
414,https://s3-us-west-1.amazonaws.com/imagesforartist/images/414.jpeg
415,https://s3-us-west-1.amazonaws.com/imagesforartist/images/415.jpeg
416,https://s3-us-west-1.amazonaws.com/imagesforartist/images/416.jpeg
417,https://s3-us-west-1.amazonaws.com/imagesforartist/images/417.jpeg
418,https://s3-us-west-1.amazonaws.com/imagesforartist/images/418.jpeg
419,https://s3-us-west-1.amazonaws.com/imagesforartist/images/419.jpeg
420,https://s3-us-west-1.amazonaws.com/imagesforartist/images/420.jpeg
421,https://s3-us-west-1.amazonaws.com/imagesforartist/images/421.jpeg
422,https://s3-us-west-1.amazonaws.com/imagesforartist/images/422.jpeg
423,https://s3-us-west-1.amazonaws.com/imagesforartist/images/423.jpeg
424,https://s3-us-west-1.amazonaws.com/imagesforartist/images/424.jpeg
425,https://s3-us-west-1.amazonaws.com/imagesforartist/images/425.jpeg
426,https://s3-us-west-1.amazonaws.com/imagesforartist/images/426.jpeg
427,https://s3-us-west-1.amazonaws.com/imagesforartist/images/427.jpeg
428,https://s3-us-west-1.amazonaws.com/imagesforartist/images/428.jpeg
429,https://s3-us-west-1.amazonaws.com/imagesforartist/images/429.jpeg
430,https://s3-us-west-1.amazonaws.com/imagesforartist/images/430.jpeg
431,https://s3-us-west-1.amazonaws.com/imagesforartist/images/431.jpeg
432,https://s3-us-west-1.amazonaws.com/imagesforartist/images/432.jpeg
433,https://s3-us-west-1.amazonaws.com/imagesforartist/images/433.jpeg
434,https://s3-us-west-1.amazonaws.com/imagesforartist/images/434.jpeg
435,https://s3-us-west-1.amazonaws.com/imagesforartist/images/435.jpeg
436,https://s3-us-west-1.amazonaws.com/imagesforartist/images/436.jpeg
437,https://s3-us-west-1.amazonaws.com/imagesforartist/images/437.jpeg
438,https://s3-us-west-1.amazonaws.com/imagesforartist/images/438.jpeg
439,https://s3-us-west-1.amazonaws.com/imagesforartist/images/439.jpeg
440,https://s3-us-west-1.amazonaws.com/imagesforartist/images/440.jpeg
441,https://s3-us-west-1.amazonaws.com/imagesforartist/images/441.jpeg
442,https://s3-us-west-1.amazonaws.com/imagesforartist/images/442.jpeg
443,https://s3-us-west-1.amazonaws.com/imagesforartist/images/443.jpeg
444,https://s3-us-west-1.amazonaws.com/imagesforartist/images/444.jpeg
445,https://s3-us-west-1.amazonaws.com/imagesforartist/images/445.jpeg
446,https://s3-us-west-1.amazonaws.com/imagesforartist/images/446.jpeg
447,https://s3-us-west-1.amazonaws.com/imagesforartist/images/447.jpeg
448,https://s3-us-west-1.amazonaws.com/imagesforartist/images/448.jpeg
449,https://s3-us-west-1.amazonaws.com/imagesforartist/images/449.jpeg
450,https://s3-us-west-1.amazonaws.com/imagesforartist/images/450.jpeg
451,https://s3-us-west-1.amazonaws.com/imagesforartist/images/451.jpeg
452,https://s3-us-west-1.amazonaws.com/imagesforartist/images/452.jpeg
453,https://s3-us-west-1.amazonaws.com/imagesforartist/images/453.jpeg
454,https://s3-us-west-1.amazonaws.com/imagesforartist/images/454.jpeg
455,https://s3-us-west-1.amazonaws.com/imagesforartist/images/455.jpeg
456,https://s3-us-west-1.amazonaws.com/imagesforartist/images/456.jpeg
457,https://s3-us-west-1.amazonaws.com/imagesforartist/images/457.jpeg
458,https://s3-us-west-1.amazonaws.com/imagesforartist/images/458.jpeg
459,https://s3-us-west-1.amazonaws.com/imagesforartist/images/459.jpeg
460,https://s3-us-west-1.amazonaws.com/imagesforartist/images/460.jpeg
461,https://s3-us-west-1.amazonaws.com/imagesforartist/images/461.jpeg
462,https://s3-us-west-1.amazonaws.com/imagesforartist/images/462.jpeg
463,https://s3-us-west-1.amazonaws.com/imagesforartist/images/463.jpeg
464,https://s3-us-west-1.amazonaws.com/imagesforartist/images/464.jpeg
465,https://s3-us-west-1.amazonaws.com/imagesforartist/images/465.jpeg
466,https://s3-us-west-1.amazonaws.com/imagesforartist/images/466.jpeg
467,https://s3-us-west-1.amazonaws.com/imagesforartist/images/467.jpeg
468,https://s3-us-west-1.amazonaws.com/imagesforartist/images/468.jpeg
469,https://s3-us-west-1.amazonaws.com/imagesforartist/images/469.jpeg
470,https://s3-us-west-1.amazonaws.com/imagesforartist/images/470.jpeg
471,https://s3-us-west-1.amazonaws.com/imagesforartist/images/471.jpeg
472,https://s3-us-west-1.amazonaws.com/imagesforartist/images/472.jpeg
473,https://s3-us-west-1.amazonaws.com/imagesforartist/images/473.jpeg
474,https://s3-us-west-1.amazonaws.com/imagesforartist/images/474.jpeg
475,https://s3-us-west-1.amazonaws.com/imagesforartist/images/475.jpeg
476,https://s3-us-west-1.amazonaws.com/imagesforartist/images/476.jpeg
477,https://s3-us-west-1.amazonaws.com/imagesforartist/images/477.jpeg
478,https://s3-us-west-1.amazonaws.com/imagesforartist/images/478.jpeg
479,https://s3-us-west-1.amazonaws.com/imagesforartist/images/479.jpeg
480,https://s3-us-west-1.amazonaws.com/imagesforartist/images/480.jpeg
481,https://s3-us-west-1.amazonaws.com/imagesforartist/images/481.jpeg
482,https://s3-us-west-1.amazonaws.com/imagesforartist/images/482.jpeg
483,https://s3-us-west-1.amazonaws.com/imagesforartist/images/483.jpeg
484,https://s3-us-west-1.amazonaws.com/imagesforartist/images/484.jpeg
485,https://s3-us-west-1.amazonaws.com/imagesforartist/images/485.jpeg
486,https://s3-us-west-1.amazonaws.com/imagesforartist/images/486.jpeg
487,https://s3-us-west-1.amazonaws.com/imagesforartist/images/487.jpeg
488,https://s3-us-west-1.amazonaws.com/imagesforartist/images/488.jpeg
489,https://s3-us-west-1.amazonaws.com/imagesforartist/images/489.jpeg
490,https://s3-us-west-1.amazonaws.com/imagesforartist/images/490.jpeg
491,https://s3-us-west-1.amazonaws.com/imagesforartist/images/491.jpeg
492,https://s3-us-west-1.amazonaws.com/imagesforartist/images/492.jpeg
493,https://s3-us-west-1.amazonaws.com/imagesforartist/images/493.jpeg
494,https://s3-us-west-1.amazonaws.com/imagesforartist/images/494.jpeg
495,https://s3-us-west-1.amazonaws.com/imagesforartist/images/495.jpeg
496,https://s3-us-west-1.amazonaws.com/imagesforartist/images/496.jpeg
497,https://s3-us-west-1.amazonaws.com/imagesforartist/images/497.jpeg
498,https://s3-us-west-1.amazonaws.com/imagesforartist/images/498.jpeg
499,https://s3-us-west-1.amazonaws.com/imagesforartist/images/499.jpeg
500,https://s3-us-west-1.amazonaws.com/imagesforartist/images/500.jpeg
501,https://s3-us-west-1.amazonaws.com/imagesforartist/images/501.jpeg
502,https://s3-us-west-1.amazonaws.com/imagesforartist/images/502.jpeg
503,https://s3-us-west-1.amazonaws.com/imagesforartist/images/503.jpeg
504,https://s3-us-west-1.amazonaws.com/imagesforartist/images/504.jpeg
505,https://s3-us-west-1.amazonaws.com/imagesforartist/images/505.jpeg
506,https://s3-us-west-1.amazonaws.com/imagesforartist/images/506.jpeg
507,https://s3-us-west-1.amazonaws.com/imagesforartist/images/507.jpeg
508,https://s3-us-west-1.amazonaws.com/imagesforartist/images/508.jpeg
509,https://s3-us-west-1.amazonaws.com/imagesforartist/images/509.jpeg
510,https://s3-us-west-1.amazonaws.com/imagesforartist/images/510.jpeg
511,https://s3-us-west-1.amazonaws.com/imagesforartist/images/511.jpeg
512,https://s3-us-west-1.amazonaws.com/imagesforartist/images/512.jpeg
513,https://s3-us-west-1.amazonaws.com/imagesforartist/images/513.jpeg
514,https://s3-us-west-1.amazonaws.com/imagesforartist/images/514.jpeg
515,https://s3-us-west-1.amazonaws.com/imagesforartist/images/515.jpeg
516,https://s3-us-west-1.amazonaws.com/imagesforartist/images/516.jpeg
517,https://s3-us-west-1.amazonaws.com/imagesforartist/images/517.jpeg
518,https://s3-us-west-1.amazonaws.com/imagesforartist/images/518.jpeg
519,https://s3-us-west-1.amazonaws.com/imagesforartist/images/519.jpeg
520,https://s3-us-west-1.amazonaws.com/imagesforartist/images/520.jpeg
521,https://s3-us-west-1.amazonaws.com/imagesforartist/images/521.jpeg
522,https://s3-us-west-1.amazonaws.com/imagesforartist/images/522.jpeg
523,https://s3-us-west-1.amazonaws.com/imagesforartist/images/523.jpeg
524,https://s3-us-west-1.amazonaws.com/imagesforartist/images/524.jpeg
525,https://s3-us-west-1.amazonaws.com/imagesforartist/images/525.jpeg
526,https://s3-us-west-1.amazonaws.com/imagesforartist/images/526.jpeg
527,https://s3-us-west-1.amazonaws.com/imagesforartist/images/527.jpeg
528,https://s3-us-west-1.amazonaws.com/imagesforartist/images/528.jpeg
529,https://s3-us-west-1.amazonaws.com/imagesforartist/images/529.jpeg
530,https://s3-us-west-1.amazonaws.com/imagesforartist/images/530.jpeg
531,https://s3-us-west-1.amazonaws.com/imagesforartist/images/531.jpeg
532,https://s3-us-west-1.amazonaws.com/imagesforartist/images/532.jpeg
533,https://s3-us-west-1.amazonaws.com/imagesforartist/images/533.jpeg
534,https://s3-us-west-1.amazonaws.com/imagesforartist/images/534.jpeg
535,https://s3-us-west-1.amazonaws.com/imagesforartist/images/535.jpeg
536,https://s3-us-west-1.amazonaws.com/imagesforartist/images/536.jpeg
537,https://s3-us-west-1.amazonaws.com/imagesforartist/images/537.jpeg
538,https://s3-us-west-1.amazonaws.com/imagesforartist/images/538.jpeg
539,https://s3-us-west-1.amazonaws.com/imagesforartist/images/539.jpeg
540,https://s3-us-west-1.amazonaws.com/imagesforartist/images/540.jpeg
541,https://s3-us-west-1.amazonaws.com/imagesforartist/images/541.jpeg
542,https://s3-us-west-1.amazonaws.com/imagesforartist/images/542.jpeg
543,https://s3-us-west-1.amazonaws.com/imagesforartist/images/543.jpeg
544,https://s3-us-west-1.amazonaws.com/imagesforartist/images/544.jpeg
545,https://s3-us-west-1.amazonaws.com/imagesforartist/images/545.jpeg
546,https://s3-us-west-1.amazonaws.com/imagesforartist/images/546.jpeg
547,https://s3-us-west-1.amazonaws.com/imagesforartist/images/547.jpeg
548,https://s3-us-west-1.amazonaws.com/imagesforartist/images/548.jpeg
549,https://s3-us-west-1.amazonaws.com/imagesforartist/images/549.jpeg
550,https://s3-us-west-1.amazonaws.com/imagesforartist/images/550.jpeg
551,https://s3-us-west-1.amazonaws.com/imagesforartist/images/551.jpeg
552,https://s3-us-west-1.amazonaws.com/imagesforartist/images/552.jpeg
553,https://s3-us-west-1.amazonaws.com/imagesforartist/images/553.jpeg
554,https://s3-us-west-1.amazonaws.com/imagesforartist/images/554.jpeg
555,https://s3-us-west-1.amazonaws.com/imagesforartist/images/555.jpeg
556,https://s3-us-west-1.amazonaws.com/imagesforartist/images/556.jpeg
557,https://s3-us-west-1.amazonaws.com/imagesforartist/images/557.jpeg
558,https://s3-us-west-1.amazonaws.com/imagesforartist/images/558.jpeg
559,https://s3-us-west-1.amazonaws.com/imagesforartist/images/559.jpeg
560,https://s3-us-west-1.amazonaws.com/imagesforartist/images/560.jpeg
561,https://s3-us-west-1.amazonaws.com/imagesforartist/images/561.jpeg
562,https://s3-us-west-1.amazonaws.com/imagesforartist/images/562.jpeg
563,https://s3-us-west-1.amazonaws.com/imagesforartist/images/563.jpeg
564,https://s3-us-west-1.amazonaws.com/imagesforartist/images/564.jpeg
565,https://s3-us-west-1.amazonaws.com/imagesforartist/images/565.jpeg
566,https://s3-us-west-1.amazonaws.com/imagesforartist/images/566.jpeg
567,https://s3-us-west-1.amazonaws.com/imagesforartist/images/567.jpeg
568,https://s3-us-west-1.amazonaws.com/imagesforartist/images/568.jpeg
569,https://s3-us-west-1.amazonaws.com/imagesforartist/images/569.jpeg
570,https://s3-us-west-1.amazonaws.com/imagesforartist/images/570.jpeg
571,https://s3-us-west-1.amazonaws.com/imagesforartist/images/571.jpeg
572,https://s3-us-west-1.amazonaws.com/imagesforartist/images/572.jpeg
573,https://s3-us-west-1.amazonaws.com/imagesforartist/images/573.jpeg
574,https://s3-us-west-1.amazonaws.com/imagesforartist/images/574.jpeg
575,https://s3-us-west-1.amazonaws.com/imagesforartist/images/575.jpeg
576,https://s3-us-west-1.amazonaws.com/imagesforartist/images/576.jpeg
577,https://s3-us-west-1.amazonaws.com/imagesforartist/images/577.jpeg
578,https://s3-us-west-1.amazonaws.com/imagesforartist/images/578.jpeg
579,https://s3-us-west-1.amazonaws.com/imagesforartist/images/579.jpeg
580,https://s3-us-west-1.amazonaws.com/imagesforartist/images/580.jpeg
581,https://s3-us-west-1.amazonaws.com/imagesforartist/images/581.jpeg
582,https://s3-us-west-1.amazonaws.com/imagesforartist/images/582.jpeg
583,https://s3-us-west-1.amazonaws.com/imagesforartist/images/583.jpeg
584,https://s3-us-west-1.amazonaws.com/imagesforartist/images/584.jpeg
585,https://s3-us-west-1.amazonaws.com/imagesforartist/images/585.jpeg
586,https://s3-us-west-1.amazonaws.com/imagesforartist/images/586.jpeg
587,https://s3-us-west-1.amazonaws.com/imagesforartist/images/587.jpeg
588,https://s3-us-west-1.amazonaws.com/imagesforartist/images/588.jpeg
589,https://s3-us-west-1.amazonaws.com/imagesforartist/images/589.jpeg
590,https://s3-us-west-1.amazonaws.com/imagesforartist/images/590.jpeg
591,https://s3-us-west-1.amazonaws.com/imagesforartist/images/591.jpeg
592,https://s3-us-west-1.amazonaws.com/imagesforartist/images/592.jpeg
593,https://s3-us-west-1.amazonaws.com/imagesforartist/images/593.jpeg
594,https://s3-us-west-1.amazonaws.com/imagesforartist/images/594.jpeg
595,https://s3-us-west-1.amazonaws.com/imagesforartist/images/595.jpeg
596,https://s3-us-west-1.amazonaws.com/imagesforartist/images/596.jpeg
597,https://s3-us-west-1.amazonaws.com/imagesforartist/images/597.jpeg
598,https://s3-us-west-1.amazonaws.com/imagesforartist/images/598.jpeg
599,https://s3-us-west-1.amazonaws.com/imagesforartist/images/599.jpeg
600,https://s3-us-west-1.amazonaws.com/imagesforartist/images/600.jpeg
601,https://s3-us-west-1.amazonaws.com/imagesforartist/images/601.jpeg
602,https://s3-us-west-1.amazonaws.com/imagesforartist/images/602.jpeg
603,https://s3-us-west-1.amazonaws.com/imagesforartist/images/603.jpeg
604,https://s3-us-west-1.amazonaws.com/imagesforartist/images/604.jpeg
605,https://s3-us-west-1.amazonaws.com/imagesforartist/images/605.jpeg
606,https://s3-us-west-1.amazonaws.com/imagesforartist/images/606.jpeg
607,https://s3-us-west-1.amazonaws.com/imagesforartist/images/607.jpeg
608,https://s3-us-west-1.amazonaws.com/imagesforartist/images/608.jpeg
609,https://s3-us-west-1.amazonaws.com/imagesforartist/images/609.jpeg
610,https://s3-us-west-1.amazonaws.com/imagesforartist/images/610.jpeg
611,https://s3-us-west-1.amazonaws.com/imagesforartist/images/611.jpeg
612,https://s3-us-west-1.amazonaws.com/imagesforartist/images/612.jpeg
613,https://s3-us-west-1.amazonaws.com/imagesforartist/images/613.jpeg
614,https://s3-us-west-1.amazonaws.com/imagesforartist/images/614.jpeg
615,https://s3-us-west-1.amazonaws.com/imagesforartist/images/615.jpeg
616,https://s3-us-west-1.amazonaws.com/imagesforartist/images/616.jpeg
617,https://s3-us-west-1.amazonaws.com/imagesforartist/images/617.jpeg
618,https://s3-us-west-1.amazonaws.com/imagesforartist/images/618.jpeg
619,https://s3-us-west-1.amazonaws.com/imagesforartist/images/619.jpeg
620,https://s3-us-west-1.amazonaws.com/imagesforartist/images/620.jpeg
621,https://s3-us-west-1.amazonaws.com/imagesforartist/images/621.jpeg
622,https://s3-us-west-1.amazonaws.com/imagesforartist/images/622.jpeg
623,https://s3-us-west-1.amazonaws.com/imagesforartist/images/623.jpeg
624,https://s3-us-west-1.amazonaws.com/imagesforartist/images/624.jpeg
625,https://s3-us-west-1.amazonaws.com/imagesforartist/images/625.jpeg
626,https://s3-us-west-1.amazonaws.com/imagesforartist/images/626.jpeg
627,https://s3-us-west-1.amazonaws.com/imagesforartist/images/627.jpeg
628,https://s3-us-west-1.amazonaws.com/imagesforartist/images/628.jpeg
629,https://s3-us-west-1.amazonaws.com/imagesforartist/images/629.jpeg
630,https://s3-us-west-1.amazonaws.com/imagesforartist/images/630.jpeg
631,https://s3-us-west-1.amazonaws.com/imagesforartist/images/631.jpeg
632,https://s3-us-west-1.amazonaws.com/imagesforartist/images/632.jpeg
633,https://s3-us-west-1.amazonaws.com/imagesforartist/images/633.jpeg
634,https://s3-us-west-1.amazonaws.com/imagesforartist/images/634.jpeg
635,https://s3-us-west-1.amazonaws.com/imagesforartist/images/635.jpeg
636,https://s3-us-west-1.amazonaws.com/imagesforartist/images/636.jpeg
637,https://s3-us-west-1.amazonaws.com/imagesforartist/images/637.jpeg
638,https://s3-us-west-1.amazonaws.com/imagesforartist/images/638.jpeg
639,https://s3-us-west-1.amazonaws.com/imagesforartist/images/639.jpeg
640,https://s3-us-west-1.amazonaws.com/imagesforartist/images/640.jpeg
641,https://s3-us-west-1.amazonaws.com/imagesforartist/images/641.jpeg
642,https://s3-us-west-1.amazonaws.com/imagesforartist/images/642.jpeg
643,https://s3-us-west-1.amazonaws.com/imagesforartist/images/643.jpeg
644,https://s3-us-west-1.amazonaws.com/imagesforartist/images/644.jpeg
645,https://s3-us-west-1.amazonaws.com/imagesforartist/images/645.jpeg
646,https://s3-us-west-1.amazonaws.com/imagesforartist/images/646.jpeg
647,https://s3-us-west-1.amazonaws.com/imagesforartist/images/647.jpeg
648,https://s3-us-west-1.amazonaws.com/imagesforartist/images/648.jpeg
649,https://s3-us-west-1.amazonaws.com/imagesforartist/images/649.jpeg
650,https://s3-us-west-1.amazonaws.com/imagesforartist/images/650.jpeg
651,https://s3-us-west-1.amazonaws.com/imagesforartist/images/651.jpeg
652,https://s3-us-west-1.amazonaws.com/imagesforartist/images/652.jpeg
653,https://s3-us-west-1.amazonaws.com/imagesforartist/images/653.jpeg
654,https://s3-us-west-1.amazonaws.com/imagesforartist/images/654.jpeg
655,https://s3-us-west-1.amazonaws.com/imagesforartist/images/655.jpeg
656,https://s3-us-west-1.amazonaws.com/imagesforartist/images/656.jpeg
657,https://s3-us-west-1.amazonaws.com/imagesforartist/images/657.jpeg
658,https://s3-us-west-1.amazonaws.com/imagesforartist/images/658.jpeg
659,https://s3-us-west-1.amazonaws.com/imagesforartist/images/659.jpeg
660,https://s3-us-west-1.amazonaws.com/imagesforartist/images/660.jpeg
661,https://s3-us-west-1.amazonaws.com/imagesforartist/images/661.jpeg
662,https://s3-us-west-1.amazonaws.com/imagesforartist/images/662.jpeg
663,https://s3-us-west-1.amazonaws.com/imagesforartist/images/663.jpeg
664,https://s3-us-west-1.amazonaws.com/imagesforartist/images/664.jpeg
665,https://s3-us-west-1.amazonaws.com/imagesforartist/images/665.jpeg
666,https://s3-us-west-1.amazonaws.com/imagesforartist/images/666.jpeg
667,https://s3-us-west-1.amazonaws.com/imagesforartist/images/667.jpeg
668,https://s3-us-west-1.amazonaws.com/imagesforartist/images/668.jpeg
669,https://s3-us-west-1.amazonaws.com/imagesforartist/images/669.jpeg
670,https://s3-us-west-1.amazonaws.com/imagesforartist/images/670.jpeg
671,https://s3-us-west-1.amazonaws.com/imagesforartist/images/671.jpeg
672,https://s3-us-west-1.amazonaws.com/imagesforartist/images/672.jpeg
673,https://s3-us-west-1.amazonaws.com/imagesforartist/images/673.jpeg
674,https://s3-us-west-1.amazonaws.com/imagesforartist/images/674.jpeg
675,https://s3-us-west-1.amazonaws.com/imagesforartist/images/675.jpeg
676,https://s3-us-west-1.amazonaws.com/imagesforartist/images/676.jpeg
677,https://s3-us-west-1.amazonaws.com/imagesforartist/images/677.jpeg
678,https://s3-us-west-1.amazonaws.com/imagesforartist/images/678.jpeg
679,https://s3-us-west-1.amazonaws.com/imagesforartist/images/679.jpeg
680,https://s3-us-west-1.amazonaws.com/imagesforartist/images/680.jpeg
681,https://s3-us-west-1.amazonaws.com/imagesforartist/images/681.jpeg
682,https://s3-us-west-1.amazonaws.com/imagesforartist/images/682.jpeg
683,https://s3-us-west-1.amazonaws.com/imagesforartist/images/683.jpeg
684,https://s3-us-west-1.amazonaws.com/imagesforartist/images/684.jpeg
685,https://s3-us-west-1.amazonaws.com/imagesforartist/images/685.jpeg
686,https://s3-us-west-1.amazonaws.com/imagesforartist/images/686.jpeg
687,https://s3-us-west-1.amazonaws.com/imagesforartist/images/687.jpeg
688,https://s3-us-west-1.amazonaws.com/imagesforartist/images/688.jpeg
689,https://s3-us-west-1.amazonaws.com/imagesforartist/images/689.jpeg
690,https://s3-us-west-1.amazonaws.com/imagesforartist/images/690.jpeg
691,https://s3-us-west-1.amazonaws.com/imagesforartist/images/691.jpeg
692,https://s3-us-west-1.amazonaws.com/imagesforartist/images/692.jpeg
693,https://s3-us-west-1.amazonaws.com/imagesforartist/images/693.jpeg
694,https://s3-us-west-1.amazonaws.com/imagesforartist/images/694.jpeg
695,https://s3-us-west-1.amazonaws.com/imagesforartist/images/695.jpeg
696,https://s3-us-west-1.amazonaws.com/imagesforartist/images/696.jpeg
697,https://s3-us-west-1.amazonaws.com/imagesforartist/images/697.jpeg
698,https://s3-us-west-1.amazonaws.com/imagesforartist/images/698.jpeg
699,https://s3-us-west-1.amazonaws.com/imagesforartist/images/699.jpeg
700,https://s3-us-west-1.amazonaws.com/imagesforartist/images/700.jpeg
701,https://s3-us-west-1.amazonaws.com/imagesforartist/images/701.jpeg
702,https://s3-us-west-1.amazonaws.com/imagesforartist/images/702.jpeg
703,https://s3-us-west-1.amazonaws.com/imagesforartist/images/703.jpeg
704,https://s3-us-west-1.amazonaws.com/imagesforartist/images/704.jpeg
705,https://s3-us-west-1.amazonaws.com/imagesforartist/images/705.jpeg
706,https://s3-us-west-1.amazonaws.com/imagesforartist/images/706.jpeg
707,https://s3-us-west-1.amazonaws.com/imagesforartist/images/707.jpeg
708,https://s3-us-west-1.amazonaws.com/imagesforartist/images/708.jpeg
709,https://s3-us-west-1.amazonaws.com/imagesforartist/images/709.jpeg
710,https://s3-us-west-1.amazonaws.com/imagesforartist/images/710.jpeg
711,https://s3-us-west-1.amazonaws.com/imagesforartist/images/711.jpeg
712,https://s3-us-west-1.amazonaws.com/imagesforartist/images/712.jpeg
713,https://s3-us-west-1.amazonaws.com/imagesforartist/images/713.jpeg
714,https://s3-us-west-1.amazonaws.com/imagesforartist/images/714.jpeg
715,https://s3-us-west-1.amazonaws.com/imagesforartist/images/715.jpeg
716,https://s3-us-west-1.amazonaws.com/imagesforartist/images/716.jpeg
717,https://s3-us-west-1.amazonaws.com/imagesforartist/images/717.jpeg
718,https://s3-us-west-1.amazonaws.com/imagesforartist/images/718.jpeg
719,https://s3-us-west-1.amazonaws.com/imagesforartist/images/719.jpeg
720,https://s3-us-west-1.amazonaws.com/imagesforartist/images/720.jpeg
721,https://s3-us-west-1.amazonaws.com/imagesforartist/images/721.jpeg
722,https://s3-us-west-1.amazonaws.com/imagesforartist/images/722.jpeg
723,https://s3-us-west-1.amazonaws.com/imagesforartist/images/723.jpeg
724,https://s3-us-west-1.amazonaws.com/imagesforartist/images/724.jpeg
725,https://s3-us-west-1.amazonaws.com/imagesforartist/images/725.jpeg
726,https://s3-us-west-1.amazonaws.com/imagesforartist/images/726.jpeg
727,https://s3-us-west-1.amazonaws.com/imagesforartist/images/727.jpeg
728,https://s3-us-west-1.amazonaws.com/imagesforartist/images/728.jpeg
729,https://s3-us-west-1.amazonaws.com/imagesforartist/images/729.jpeg
730,https://s3-us-west-1.amazonaws.com/imagesforartist/images/730.jpeg
731,https://s3-us-west-1.amazonaws.com/imagesforartist/images/731.jpeg
732,https://s3-us-west-1.amazonaws.com/imagesforartist/images/732.jpeg
733,https://s3-us-west-1.amazonaws.com/imagesforartist/images/733.jpeg
734,https://s3-us-west-1.amazonaws.com/imagesforartist/images/734.jpeg
735,https://s3-us-west-1.amazonaws.com/imagesforartist/images/735.jpeg
736,https://s3-us-west-1.amazonaws.com/imagesforartist/images/736.jpeg
737,https://s3-us-west-1.amazonaws.com/imagesforartist/images/737.jpeg
738,https://s3-us-west-1.amazonaws.com/imagesforartist/images/738.jpeg
739,https://s3-us-west-1.amazonaws.com/imagesforartist/images/739.jpeg
740,https://s3-us-west-1.amazonaws.com/imagesforartist/images/740.jpeg
741,https://s3-us-west-1.amazonaws.com/imagesforartist/images/741.jpeg
742,https://s3-us-west-1.amazonaws.com/imagesforartist/images/742.jpeg
743,https://s3-us-west-1.amazonaws.com/imagesforartist/images/743.jpeg
744,https://s3-us-west-1.amazonaws.com/imagesforartist/images/744.jpeg
745,https://s3-us-west-1.amazonaws.com/imagesforartist/images/745.jpeg
746,https://s3-us-west-1.amazonaws.com/imagesforartist/images/746.jpeg
747,https://s3-us-west-1.amazonaws.com/imagesforartist/images/747.jpeg
748,https://s3-us-west-1.amazonaws.com/imagesforartist/images/748.jpeg
749,https://s3-us-west-1.amazonaws.com/imagesforartist/images/749.jpeg
750,https://s3-us-west-1.amazonaws.com/imagesforartist/images/750.jpeg
751,https://s3-us-west-1.amazonaws.com/imagesforartist/images/751.jpeg
752,https://s3-us-west-1.amazonaws.com/imagesforartist/images/752.jpeg
753,https://s3-us-west-1.amazonaws.com/imagesforartist/images/753.jpeg
754,https://s3-us-west-1.amazonaws.com/imagesforartist/images/754.jpeg
755,https://s3-us-west-1.amazonaws.com/imagesforartist/images/755.jpeg
756,https://s3-us-west-1.amazonaws.com/imagesforartist/images/756.jpeg
757,https://s3-us-west-1.amazonaws.com/imagesforartist/images/757.jpeg
758,https://s3-us-west-1.amazonaws.com/imagesforartist/images/758.jpeg
759,https://s3-us-west-1.amazonaws.com/imagesforartist/images/759.jpeg
760,https://s3-us-west-1.amazonaws.com/imagesforartist/images/760.jpeg
761,https://s3-us-west-1.amazonaws.com/imagesforartist/images/761.jpeg
762,https://s3-us-west-1.amazonaws.com/imagesforartist/images/762.jpeg
763,https://s3-us-west-1.amazonaws.com/imagesforartist/images/763.jpeg
764,https://s3-us-west-1.amazonaws.com/imagesforartist/images/764.jpeg
765,https://s3-us-west-1.amazonaws.com/imagesforartist/images/765.jpeg
766,https://s3-us-west-1.amazonaws.com/imagesforartist/images/766.jpeg
767,https://s3-us-west-1.amazonaws.com/imagesforartist/images/767.jpeg
768,https://s3-us-west-1.amazonaws.com/imagesforartist/images/768.jpeg
769,https://s3-us-west-1.amazonaws.com/imagesforartist/images/769.jpeg
770,https://s3-us-west-1.amazonaws.com/imagesforartist/images/770.jpeg
771,https://s3-us-west-1.amazonaws.com/imagesforartist/images/771.jpeg
772,https://s3-us-west-1.amazonaws.com/imagesforartist/images/772.jpeg
773,https://s3-us-west-1.amazonaws.com/imagesforartist/images/773.jpeg
774,https://s3-us-west-1.amazonaws.com/imagesforartist/images/774.jpeg
775,https://s3-us-west-1.amazonaws.com/imagesforartist/images/775.jpeg
776,https://s3-us-west-1.amazonaws.com/imagesforartist/images/776.jpeg
777,https://s3-us-west-1.amazonaws.com/imagesforartist/images/777.jpeg
778,https://s3-us-west-1.amazonaws.com/imagesforartist/images/778.jpeg
779,https://s3-us-west-1.amazonaws.com/imagesforartist/images/779.jpeg
780,https://s3-us-west-1.amazonaws.com/imagesforartist/images/780.jpeg
781,https://s3-us-west-1.amazonaws.com/imagesforartist/images/781.jpeg
782,https://s3-us-west-1.amazonaws.com/imagesforartist/images/782.jpeg
783,https://s3-us-west-1.amazonaws.com/imagesforartist/images/783.jpeg
784,https://s3-us-west-1.amazonaws.com/imagesforartist/images/784.jpeg
785,https://s3-us-west-1.amazonaws.com/imagesforartist/images/785.jpeg
786,https://s3-us-west-1.amazonaws.com/imagesforartist/images/786.jpeg
787,https://s3-us-west-1.amazonaws.com/imagesforartist/images/787.jpeg
788,https://s3-us-west-1.amazonaws.com/imagesforartist/images/788.jpeg
789,https://s3-us-west-1.amazonaws.com/imagesforartist/images/789.jpeg
790,https://s3-us-west-1.amazonaws.com/imagesforartist/images/790.jpeg
791,https://s3-us-west-1.amazonaws.com/imagesforartist/images/791.jpeg
792,https://s3-us-west-1.amazonaws.com/imagesforartist/images/792.jpeg
793,https://s3-us-west-1.amazonaws.com/imagesforartist/images/793.jpeg
794,https://s3-us-west-1.amazonaws.com/imagesforartist/images/794.jpeg
795,https://s3-us-west-1.amazonaws.com/imagesforartist/images/795.jpeg
796,https://s3-us-west-1.amazonaws.com/imagesforartist/images/796.jpeg
797,https://s3-us-west-1.amazonaws.com/imagesforartist/images/797.jpeg
798,https://s3-us-west-1.amazonaws.com/imagesforartist/images/798.jpeg
799,https://s3-us-west-1.amazonaws.com/imagesforartist/images/799.jpeg
800,https://s3-us-west-1.amazonaws.com/imagesforartist/images/800.jpeg
801,https://s3-us-west-1.amazonaws.com/imagesforartist/images/801.jpeg
802,https://s3-us-west-1.amazonaws.com/imagesforartist/images/802.jpeg
803,https://s3-us-west-1.amazonaws.com/imagesforartist/images/803.jpeg
804,https://s3-us-west-1.amazonaws.com/imagesforartist/images/804.jpeg
805,https://s3-us-west-1.amazonaws.com/imagesforartist/images/805.jpeg
806,https://s3-us-west-1.amazonaws.com/imagesforartist/images/806.jpeg
807,https://s3-us-west-1.amazonaws.com/imagesforartist/images/807.jpeg
808,https://s3-us-west-1.amazonaws.com/imagesforartist/images/808.jpeg
809,https://s3-us-west-1.amazonaws.com/imagesforartist/images/809.jpeg
810,https://s3-us-west-1.amazonaws.com/imagesforartist/images/810.jpeg
811,https://s3-us-west-1.amazonaws.com/imagesforartist/images/811.jpeg
812,https://s3-us-west-1.amazonaws.com/imagesforartist/images/812.jpeg
813,https://s3-us-west-1.amazonaws.com/imagesforartist/images/813.jpeg
814,https://s3-us-west-1.amazonaws.com/imagesforartist/images/814.jpeg
815,https://s3-us-west-1.amazonaws.com/imagesforartist/images/815.jpeg
816,https://s3-us-west-1.amazonaws.com/imagesforartist/images/816.jpeg
817,https://s3-us-west-1.amazonaws.com/imagesforartist/images/817.jpeg
818,https://s3-us-west-1.amazonaws.com/imagesforartist/images/818.jpeg
819,https://s3-us-west-1.amazonaws.com/imagesforartist/images/819.jpeg
820,https://s3-us-west-1.amazonaws.com/imagesforartist/images/820.jpeg
821,https://s3-us-west-1.amazonaws.com/imagesforartist/images/821.jpeg
822,https://s3-us-west-1.amazonaws.com/imagesforartist/images/822.jpeg
823,https://s3-us-west-1.amazonaws.com/imagesforartist/images/823.jpeg
824,https://s3-us-west-1.amazonaws.com/imagesforartist/images/824.jpeg
825,https://s3-us-west-1.amazonaws.com/imagesforartist/images/825.jpeg
826,https://s3-us-west-1.amazonaws.com/imagesforartist/images/826.jpeg
827,https://s3-us-west-1.amazonaws.com/imagesforartist/images/827.jpeg
828,https://s3-us-west-1.amazonaws.com/imagesforartist/images/828.jpeg
829,https://s3-us-west-1.amazonaws.com/imagesforartist/images/829.jpeg
830,https://s3-us-west-1.amazonaws.com/imagesforartist/images/830.jpeg
831,https://s3-us-west-1.amazonaws.com/imagesforartist/images/831.jpeg
832,https://s3-us-west-1.amazonaws.com/imagesforartist/images/832.jpeg
833,https://s3-us-west-1.amazonaws.com/imagesforartist/images/833.jpeg
834,https://s3-us-west-1.amazonaws.com/imagesforartist/images/834.jpeg
835,https://s3-us-west-1.amazonaws.com/imagesforartist/images/835.jpeg
836,https://s3-us-west-1.amazonaws.com/imagesforartist/images/836.jpeg
837,https://s3-us-west-1.amazonaws.com/imagesforartist/images/837.jpeg
838,https://s3-us-west-1.amazonaws.com/imagesforartist/images/838.jpeg
839,https://s3-us-west-1.amazonaws.com/imagesforartist/images/839.jpeg
840,https://s3-us-west-1.amazonaws.com/imagesforartist/images/840.jpeg
841,https://s3-us-west-1.amazonaws.com/imagesforartist/images/841.jpeg
842,https://s3-us-west-1.amazonaws.com/imagesforartist/images/842.jpeg
843,https://s3-us-west-1.amazonaws.com/imagesforartist/images/843.jpeg
844,https://s3-us-west-1.amazonaws.com/imagesforartist/images/844.jpeg
845,https://s3-us-west-1.amazonaws.com/imagesforartist/images/845.jpeg
846,https://s3-us-west-1.amazonaws.com/imagesforartist/images/846.jpeg
847,https://s3-us-west-1.amazonaws.com/imagesforartist/images/847.jpeg
848,https://s3-us-west-1.amazonaws.com/imagesforartist/images/848.jpeg
849,https://s3-us-west-1.amazonaws.com/imagesforartist/images/849.jpeg
850,https://s3-us-west-1.amazonaws.com/imagesforartist/images/850.jpeg
851,https://s3-us-west-1.amazonaws.com/imagesforartist/images/851.jpeg
852,https://s3-us-west-1.amazonaws.com/imagesforartist/images/852.jpeg
853,https://s3-us-west-1.amazonaws.com/imagesforartist/images/853.jpeg
854,https://s3-us-west-1.amazonaws.com/imagesforartist/images/854.jpeg
855,https://s3-us-west-1.amazonaws.com/imagesforartist/images/855.jpeg
856,https://s3-us-west-1.amazonaws.com/imagesforartist/images/856.jpeg
857,https://s3-us-west-1.amazonaws.com/imagesforartist/images/857.jpeg
858,https://s3-us-west-1.amazonaws.com/imagesforartist/images/858.jpeg
859,https://s3-us-west-1.amazonaws.com/imagesforartist/images/859.jpeg
860,https://s3-us-west-1.amazonaws.com/imagesforartist/images/860.jpeg
861,https://s3-us-west-1.amazonaws.com/imagesforartist/images/861.jpeg
862,https://s3-us-west-1.amazonaws.com/imagesforartist/images/862.jpeg
863,https://s3-us-west-1.amazonaws.com/imagesforartist/images/863.jpeg
864,https://s3-us-west-1.amazonaws.com/imagesforartist/images/864.jpeg
865,https://s3-us-west-1.amazonaws.com/imagesforartist/images/865.jpeg
866,https://s3-us-west-1.amazonaws.com/imagesforartist/images/866.jpeg
867,https://s3-us-west-1.amazonaws.com/imagesforartist/images/867.jpeg
868,https://s3-us-west-1.amazonaws.com/imagesforartist/images/868.jpeg
869,https://s3-us-west-1.amazonaws.com/imagesforartist/images/869.jpeg
870,https://s3-us-west-1.amazonaws.com/imagesforartist/images/870.jpeg
871,https://s3-us-west-1.amazonaws.com/imagesforartist/images/871.jpeg
872,https://s3-us-west-1.amazonaws.com/imagesforartist/images/872.jpeg
873,https://s3-us-west-1.amazonaws.com/imagesforartist/images/873.jpeg
874,https://s3-us-west-1.amazonaws.com/imagesforartist/images/874.jpeg
875,https://s3-us-west-1.amazonaws.com/imagesforartist/images/875.jpeg
876,https://s3-us-west-1.amazonaws.com/imagesforartist/images/876.jpeg
877,https://s3-us-west-1.amazonaws.com/imagesforartist/images/877.jpeg
878,https://s3-us-west-1.amazonaws.com/imagesforartist/images/878.jpeg
879,https://s3-us-west-1.amazonaws.com/imagesforartist/images/879.jpeg
880,https://s3-us-west-1.amazonaws.com/imagesforartist/images/880.jpeg
881,https://s3-us-west-1.amazonaws.com/imagesforartist/images/881.jpeg
882,https://s3-us-west-1.amazonaws.com/imagesforartist/images/882.jpeg
883,https://s3-us-west-1.amazonaws.com/imagesforartist/images/883.jpeg
884,https://s3-us-west-1.amazonaws.com/imagesforartist/images/884.jpeg
885,https://s3-us-west-1.amazonaws.com/imagesforartist/images/885.jpeg
886,https://s3-us-west-1.amazonaws.com/imagesforartist/images/886.jpeg
887,https://s3-us-west-1.amazonaws.com/imagesforartist/images/887.jpeg
888,https://s3-us-west-1.amazonaws.com/imagesforartist/images/888.jpeg
889,https://s3-us-west-1.amazonaws.com/imagesforartist/images/889.jpeg
890,https://s3-us-west-1.amazonaws.com/imagesforartist/images/890.jpeg
891,https://s3-us-west-1.amazonaws.com/imagesforartist/images/891.jpeg
892,https://s3-us-west-1.amazonaws.com/imagesforartist/images/892.jpeg
893,https://s3-us-west-1.amazonaws.com/imagesforartist/images/893.jpeg
894,https://s3-us-west-1.amazonaws.com/imagesforartist/images/894.jpeg
895,https://s3-us-west-1.amazonaws.com/imagesforartist/images/895.jpeg
896,https://s3-us-west-1.amazonaws.com/imagesforartist/images/896.jpeg
897,https://s3-us-west-1.amazonaws.com/imagesforartist/images/897.jpeg
898,https://s3-us-west-1.amazonaws.com/imagesforartist/images/898.jpeg
899,https://s3-us-west-1.amazonaws.com/imagesforartist/images/899.jpeg
900,https://s3-us-west-1.amazonaws.com/imagesforartist/images/900.jpeg
901,https://s3-us-west-1.amazonaws.com/imagesforartist/images/901.jpeg
902,https://s3-us-west-1.amazonaws.com/imagesforartist/images/902.jpeg
903,https://s3-us-west-1.amazonaws.com/imagesforartist/images/903.jpeg
904,https://s3-us-west-1.amazonaws.com/imagesforartist/images/904.jpeg
905,https://s3-us-west-1.amazonaws.com/imagesforartist/images/905.jpeg
906,https://s3-us-west-1.amazonaws.com/imagesforartist/images/906.jpeg
907,https://s3-us-west-1.amazonaws.com/imagesforartist/images/907.jpeg
908,https://s3-us-west-1.amazonaws.com/imagesforartist/images/908.jpeg
909,https://s3-us-west-1.amazonaws.com/imagesforartist/images/909.jpeg
910,https://s3-us-west-1.amazonaws.com/imagesforartist/images/910.jpeg
911,https://s3-us-west-1.amazonaws.com/imagesforartist/images/911.jpeg
912,https://s3-us-west-1.amazonaws.com/imagesforartist/images/912.jpeg
913,https://s3-us-west-1.amazonaws.com/imagesforartist/images/913.jpeg
914,https://s3-us-west-1.amazonaws.com/imagesforartist/images/914.jpeg
915,https://s3-us-west-1.amazonaws.com/imagesforartist/images/915.jpeg
916,https://s3-us-west-1.amazonaws.com/imagesforartist/images/916.jpeg
917,https://s3-us-west-1.amazonaws.com/imagesforartist/images/917.jpeg
918,https://s3-us-west-1.amazonaws.com/imagesforartist/images/918.jpeg
919,https://s3-us-west-1.amazonaws.com/imagesforartist/images/919.jpeg
920,https://s3-us-west-1.amazonaws.com/imagesforartist/images/920.jpeg
921,https://s3-us-west-1.amazonaws.com/imagesforartist/images/921.jpeg
922,https://s3-us-west-1.amazonaws.com/imagesforartist/images/922.jpeg
923,https://s3-us-west-1.amazonaws.com/imagesforartist/images/923.jpeg
924,https://s3-us-west-1.amazonaws.com/imagesforartist/images/924.jpeg
925,https://s3-us-west-1.amazonaws.com/imagesforartist/images/925.jpeg
926,https://s3-us-west-1.amazonaws.com/imagesforartist/images/926.jpeg
927,https://s3-us-west-1.amazonaws.com/imagesforartist/images/927.jpeg
928,https://s3-us-west-1.amazonaws.com/imagesforartist/images/928.jpeg
929,https://s3-us-west-1.amazonaws.com/imagesforartist/images/929.jpeg
930,https://s3-us-west-1.amazonaws.com/imagesforartist/images/930.jpeg
931,https://s3-us-west-1.amazonaws.com/imagesforartist/images/931.jpeg
932,https://s3-us-west-1.amazonaws.com/imagesforartist/images/932.jpeg
933,https://s3-us-west-1.amazonaws.com/imagesforartist/images/933.jpeg
934,https://s3-us-west-1.amazonaws.com/imagesforartist/images/934.jpeg
935,https://s3-us-west-1.amazonaws.com/imagesforartist/images/935.jpeg
936,https://s3-us-west-1.amazonaws.com/imagesforartist/images/936.jpeg
937,https://s3-us-west-1.amazonaws.com/imagesforartist/images/937.jpeg
938,https://s3-us-west-1.amazonaws.com/imagesforartist/images/938.jpeg
939,https://s3-us-west-1.amazonaws.com/imagesforartist/images/939.jpeg
940,https://s3-us-west-1.amazonaws.com/imagesforartist/images/940.jpeg
941,https://s3-us-west-1.amazonaws.com/imagesforartist/images/941.jpeg
942,https://s3-us-west-1.amazonaws.com/imagesforartist/images/942.jpeg
943,https://s3-us-west-1.amazonaws.com/imagesforartist/images/943.jpeg
944,https://s3-us-west-1.amazonaws.com/imagesforartist/images/944.jpeg
945,https://s3-us-west-1.amazonaws.com/imagesforartist/images/945.jpeg
946,https://s3-us-west-1.amazonaws.com/imagesforartist/images/946.jpeg
947,https://s3-us-west-1.amazonaws.com/imagesforartist/images/947.jpeg
948,https://s3-us-west-1.amazonaws.com/imagesforartist/images/948.jpeg
949,https://s3-us-west-1.amazonaws.com/imagesforartist/images/949.jpeg
950,https://s3-us-west-1.amazonaws.com/imagesforartist/images/950.jpeg
951,https://s3-us-west-1.amazonaws.com/imagesforartist/images/951.jpeg
952,https://s3-us-west-1.amazonaws.com/imagesforartist/images/952.jpeg
953,https://s3-us-west-1.amazonaws.com/imagesforartist/images/953.jpeg
954,https://s3-us-west-1.amazonaws.com/imagesforartist/images/954.jpeg
955,https://s3-us-west-1.amazonaws.com/imagesforartist/images/955.jpeg
956,https://s3-us-west-1.amazonaws.com/imagesforartist/images/956.jpeg
957,https://s3-us-west-1.amazonaws.com/imagesforartist/images/957.jpeg
958,https://s3-us-west-1.amazonaws.com/imagesforartist/images/958.jpeg
959,https://s3-us-west-1.amazonaws.com/imagesforartist/images/959.jpeg
960,https://s3-us-west-1.amazonaws.com/imagesforartist/images/960.jpeg
961,https://s3-us-west-1.amazonaws.com/imagesforartist/images/961.jpeg
962,https://s3-us-west-1.amazonaws.com/imagesforartist/images/962.jpeg
963,https://s3-us-west-1.amazonaws.com/imagesforartist/images/963.jpeg
964,https://s3-us-west-1.amazonaws.com/imagesforartist/images/964.jpeg
965,https://s3-us-west-1.amazonaws.com/imagesforartist/images/965.jpeg
966,https://s3-us-west-1.amazonaws.com/imagesforartist/images/966.jpeg
967,https://s3-us-west-1.amazonaws.com/imagesforartist/images/967.jpeg
968,https://s3-us-west-1.amazonaws.com/imagesforartist/images/968.jpeg
969,https://s3-us-west-1.amazonaws.com/imagesforartist/images/969.jpeg
970,https://s3-us-west-1.amazonaws.com/imagesforartist/images/970.jpeg
971,https://s3-us-west-1.amazonaws.com/imagesforartist/images/971.jpeg
972,https://s3-us-west-1.amazonaws.com/imagesforartist/images/972.jpeg
973,https://s3-us-west-1.amazonaws.com/imagesforartist/images/973.jpeg
974,https://s3-us-west-1.amazonaws.com/imagesforartist/images/974.jpeg
975,https://s3-us-west-1.amazonaws.com/imagesforartist/images/975.jpeg
976,https://s3-us-west-1.amazonaws.com/imagesforartist/images/976.jpeg
977,https://s3-us-west-1.amazonaws.com/imagesforartist/images/977.jpeg
978,https://s3-us-west-1.amazonaws.com/imagesforartist/images/978.jpeg
979,https://s3-us-west-1.amazonaws.com/imagesforartist/images/979.jpeg
980,https://s3-us-west-1.amazonaws.com/imagesforartist/images/980.jpeg
981,https://s3-us-west-1.amazonaws.com/imagesforartist/images/981.jpeg
982,https://s3-us-west-1.amazonaws.com/imagesforartist/images/982.jpeg
983,https://s3-us-west-1.amazonaws.com/imagesforartist/images/983.jpeg
984,https://s3-us-west-1.amazonaws.com/imagesforartist/images/984.jpeg
985,https://s3-us-west-1.amazonaws.com/imagesforartist/images/985.jpeg
986,https://s3-us-west-1.amazonaws.com/imagesforartist/images/986.jpeg
987,https://s3-us-west-1.amazonaws.com/imagesforartist/images/987.jpeg
988,https://s3-us-west-1.amazonaws.com/imagesforartist/images/988.jpeg
989,https://s3-us-west-1.amazonaws.com/imagesforartist/images/989.jpeg
990,https://s3-us-west-1.amazonaws.com/imagesforartist/images/990.jpeg
991,https://s3-us-west-1.amazonaws.com/imagesforartist/images/991.jpeg
992,https://s3-us-west-1.amazonaws.com/imagesforartist/images/992.jpeg
993,https://s3-us-west-1.amazonaws.com/imagesforartist/images/993.jpeg
994,https://s3-us-west-1.amazonaws.com/imagesforartist/images/994.jpeg
995,https://s3-us-west-1.amazonaws.com/imagesforartist/images/995.jpeg
996,https://s3-us-west-1.amazonaws.com/imagesforartist/images/996.jpeg
997,https://s3-us-west-1.amazonaws.com/imagesforartist/images/997.jpeg
998,https://s3-us-west-1.amazonaws.com/imagesforartist/images/998.jpeg
999,https://s3-us-west-1.amazonaws.com/imagesforartist/images/999.jpeg
1000,https://s3-us-west-1.amazonaws.com/imagesforartist/images/1000.jpeg
